County,Percent 2020,Percent 2010,Percent 2000,Percent 1990,Percent 1980
"Nevada County, Arkansas",34.63,16.33,,13.64,5.55
"Adams County, Mississippi",33.98,16.54,,15.42,0
"Northampton County, North Carolina",29.6,7.02,,24.75,0
"Macon County, Alabama",29.22,23.05,,128.31,0
"Lowndes County, Mississippi",28.82,10.41,,11.89,3.47
"Ouachita County, Arkansas",26.85,31.26,,10.92,0
"Columbia County, Arkansas",25.67,12.55,,10.81,8.65
"Franklin city, Virginia",24.99,17.4,,,
"Anson County, North Carolina",24.29,12.35,,54.75,31.35
"Stonewall County, Texas",24.1,,,,0.62
"St. Helena Parish, Louisiana",23.74,13.24,,22.7,0
"Lowndes County, Alabama",23.24,20.05,2.17,57,20.75
"Martinsville city, Virginia",23,4.33,,,
"St. Louis city, Missouri",22.81,10.82,,11.8,1.47
"Bladen County, North Carolina",22.72,13.74,,41.09,27.55
"Union County, Arkansas",22.48,19.05,,9.39,5.24
"Washington County, Mississippi",22.11,15.45,,19.26,0
"Bullock County, Alabama",21.96,31.56,,58.07,24.55
"Jefferson County, Arkansas",21.46,14.64,,12.33,2.16
"Marion County, South Carolina",20.7,16.16,,17.56,0
"Gadsden County, Florida",20.67,17,3.85,13.85,0.32
"Hempstead County, Arkansas",20.53,10.03,,13.08,28.76
"Crittenden County, Arkansas",20.46,8.77,,12.48,1.36
"Fairfield County, South Carolina",20.15,14.47,,29.89,4.83
"Shelby County, Tennessee",19.83,16.27,,12.72,4.41
"Hinds County, Mississippi",19.8,12.99,,14.45,0.8
"Montgomery County, Alabama",19.45,19.22,0.18,24.28,11.61
"Jefferson County, Florida",19.35,19.82,0.99,16.29,0
"Calhoun County, Arkansas",18.99,3.3,,7.59,0
"Wilkinson County, Georgia",18.9,12.23,,25.48,15.05
"Leflore County, Mississippi",18.8,10.7,,19.86,1.92
"Bradley County, Arkansas",18.64,19.66,,14.17,0.83
"Cleveland County, Arkansas",18.6,3.81,,4.07,0
"Stewart County, Georgia",18.52,12.1,,37.32,24.8
"Dallas County, Arkansas",18.51,15.03,,16.49,0
"Clarendon County, South Carolina",18.35,12.41,,18.07,0
"Ashley County, Arkansas",18.34,15.87,,17.15,6.66
"Allendale County, South Carolina",18.24,12.13,,30.23,12.36
"Hale County, Alabama",18.18,22.16,0.68,39.84,12.4
"Coahoma County, Mississippi",18.16,20.86,,21.8,0
"Macon County, Georgia",17.91,13.07,,36.03,17.02
"Emporia city, Virginia",17.86,2.11,,,
"Quitman County, Mississippi",17.78,16.23,,34.03,5.93
"McCormick County, South Carolina",17.72,14.6,,24.33,0
"Warren County, Georgia",17.14,20.91,,36.06,25.67
"Marshall County, Mississippi",17.14,11.72,,16.21,18.69
"Jenkins County, Georgia",16.85,6.82,,20.23,0
"Sabine County, Texas",16.84,,,3.61,2.33
"Williamsburg County, South Carolina",16.73,17.62,,21.54,0.61
"Lee County, South Carolina",16.64,8.15,,28.06,0
"Hancock County, Georgia",16.55,18.87,,48.66,8.59
"Camden County, North Carolina",16.46,12.42,,11.53,0
"Phillips County, Arkansas",16.24,15.78,,18.23,2.79
"Holmes County, Mississippi",16.2,17.16,0.01,36.57,8.94
"Haywood County, Tennessee",16.17,11.95,,21.95,16.8
"Abbeville County, South Carolina",16.17,13.88,,13.49,1.31
"Chester County, South Carolina",16.12,14.02,,40.77,30.15
"Grant County, Arkansas",16.07,1.72,,,
"Liberty County, Florida",16,2.87,,4.4,0
"Clay County, Mississippi",15.78,3.77,,24.03,2.1
"Chambers County, Alabama",15.76,16.89,,13.13,4.32
"Lafayette County, Arkansas",15.69,6.5,,16.68,0
"Drew County, Arkansas",15.67,11.18,,14.17,2.16
"Monroe County, Arkansas",15.65,10.28,,17.29,7.59
"Brunswick County, Virginia",15.57,2.68,,25.53,1.74
"Caddo Parish, Louisiana",15.52,10.84,,10.3,2.94
"Wyandotte County, Kansas",15.14,9.95,,6.88,0
"Jefferson County, Alabama",15.11,16.2,0.23,14.64,5.19
"Georgetown County, South Carolina",14.85,14.32,,13.77,0
"Barbour County, Alabama",14.84,12.12,,16.76,0
"Russell County, Alabama",14.65,15.68,,18.68,6.59
"Monroe County, Alabama",14.63,19.85,,23.73,8.03
"Bibb County, Georgia",14.39,11.06,0.07,12.29,3.12
"Clarke County, Alabama",14.33,19.73,,23.18,11.02
"Trousdale County, Tennessee",14.27,6.23,,3.63,0
"Bertie County, North Carolina",14.05,6.39,,27.58,0.95
"Madison County, Florida",13.64,9.96,1.59,15.4,0
"St. James Parish, Louisiana",13.47,12.93,,20.81,0
"Bienville Parish, Louisiana",13.47,20.23,,17.45,0
"Mississippi County, Arkansas",13.46,6.51,,9.06,1.25
"Desha County, Arkansas",13.37,10.61,,20.82,1.24
"Yazoo County, Mississippi",13.36,8.86,,17.36,0
"Baker County, Georgia",13.21,12.37,,61.66,24.13
"Petersburg city, Virginia",13.06,15.58,,,
"Perquimans County, North Carolina",13.04,6.18,,29.12,18.55
"Lauderdale County, Mississippi",13,10.59,0.14,11.83,1.85
"Morehouse Parish, Louisiana",12.96,8.53,,13.27,5.79
"St. Francis County, Arkansas",12.95,13.21,,15.63,7.08
"Wilcox County, Alabama",12.89,25.77,0,41.15,4.52
"Jefferson County, Georgia",12.77,21.14,0.22,33.74,8.76
"Pamlico County, North Carolina",12.72,10.58,,17.94,7.82
"Fulton County, Georgia",12.58,9.85,,17.85,1.49
"Jefferson Davis County, Mississippi",12.51,10.64,,24.5,9.49
"Jefferson County, Mississippi",12.48,16.45,,40.73,0
"Pickens County, Alabama",12.46,8.69,,22.01,10.45
"Early County, Georgia",12.42,23.36,,26.67,10.6
"Richmond County, Georgia",12.37,11.94,,13.17,3.02
"Calhoun County, Georgia",12.31,25.68,,35.09,0
"Dallas County, Alabama",12.27,14.6,0.85,24.21,2.02
"Richmond city, Virginia",12.19,10.45,,,
"Calhoun County, South Carolina",12.18,15.89,,22.36,0
"McDuffie County, Georgia",12.15,11.58,,11.05,4.13
"Madison Parish, Louisiana",12.14,9.12,,29.57,3.42
"Thomas County, Georgia",12.02,8.89,1.3,14.75,5.4
"Mobile County, Alabama",12.01,8.26,0.84,14.36,4.46
"Union County, South Carolina",11.97,11.82,,12.35,3.24
"Caswell County, North Carolina",11.92,4.36,,16.73,0
"Simpson County, Mississippi",11.91,5.59,,14.32,3.22
"Sunflower County, Mississippi",11.81,7.31,,20.94,0.66
"Perry County, Alabama",11.75,17.6,1.64,46.04,9.71
"Bolivar County, Mississippi",11.71,9.68,,20.91,0
"DeKalb County, Georgia",11.68,3.94,,5.07,0
"Miller County, Georgia",11.67,,,16.16,0
"Jasper County, Georgia",11.63,6.25,,20.7,13.99
"Itawamba County, Mississippi",11.5,2.85,,1.99,2.29
"Davidson County, Tennessee",11.45,7.25,0.6,9.48,1.83
"Liberty County, Georgia",11.36,1.86,,16.01,0
"Webster Parish, Louisiana",11.24,10.01,,8.98,7.62
"Hot Spring County, Arkansas",11.23,4.57,,3.81,0.44
"Faulkner County, Arkansas",11.11,0.66,,3.19,0.23
"Treutlen County, Georgia",11.01,15.35,,19.64,0
"Fayette County, Tennessee",11,5.78,,1.01,32.38
"Hardeman County, Tennessee",10.94,9.72,,9.29,8.54
"Lee County, Arkansas",10.93,6.25,,26.29,1.78
"Pike County, Mississippi",10.92,7.29,,14.86,0.31
"Claiborne Parish, Louisiana",10.81,14.14,,18.09,18.33
"Scotland County, North Carolina",10.71,5.55,,25,14.44
"Warren County, Mississippi",10.71,8.45,,12.42,0
"Choctaw County, Alabama",10.61,19.01,0,33.83,18.64
"Muscogee County, Georgia",10.61,9.53,,11.61,3.16
"Orleans Parish, Louisiana",10.53,6.49,,16.12,0.41
"Greene County, Alabama",10.5,9.47,0.49,57.44,22.6
"Orangeburg County, South Carolina",10.47,10.16,,18.24,0
"Marion County, Mississippi",10.45,4.19,,9.64,2.34
"Ware County, Georgia",10.44,7.22,,9.9,0.67
"District of Columbia, District of Columbia",10.42,8.41,,23.46,7.31
"Galax city, Virginia",10.42,,,,
"Wayne County, Michigan",10.41,6.83,0.01,12.37,1.75
"Conway County, Arkansas",10.37,4.1,,4.56,0
"Clinch County, Georgia",10.34,3.72,,16.36,0
"Tipton County, Tennessee",10.32,5.23,,3.21,10.42
"Henry County, Alabama",10.28,7.32,,18.05,0
"Prince George's County, Maryland",10.27,5.67,,11.05,0.23
"Quitman County, Georgia",10.2,21.33,,29.2,0
"Charleston County, South Carolina",10.02,10.72,,9.55,0.35
"Baltimore city, Maryland",9.99,8.55,,12.48,0.87
"Leon County, Texas",9.95,3.67,,4.18,0
"Angelina County, Texas",9.94,2.01,,5.25,1.77
"Hampton County, South Carolina",9.9,10.3,,24.77,8.28
"Jefferson County, Texas",9.8,8.91,,9.36,0
"Dougherty County, Georgia",9.78,5.9,,15.36,1.12
"Taliaferro County, Georgia",9.75,10.19,,35.98,7.68
"Stone County, Arkansas",9.71,,,,
"Morris County, Texas",9.66,8.91,,8.1,3.4
"Washington County, North Carolina",9.63,6.06,,20.81,0
"Hertford County, North Carolina",9.62,2.29,,25.35,0.59
"Jackson County, Florida",9.57,7.89,,6.69,0.71
"Carroll County, Mississippi",9.56,11.31,0.51,17.33,14.33
"Noxubee County, Mississippi",9.55,18.57,,33.12,12.13
"Pulaski County, Arkansas",9.55,5.64,,7.82,3.04
"Alexander County, Illinois",9.54,5.26,,11.79,0.28
"Pasquotank County, North Carolina",9.47,4.11,,33.09,23.82
"Leake County, Mississippi",9.46,4.06,0.12,16.67,1.04
"Coke County, Texas",9.44,,,,
"Camp County, Texas",9.34,9.19,,7.8,19.27
"Sumter County, South Carolina",9.34,12.94,,13.97,0.25
"Grenada County, Mississippi",9.3,8.68,0.18,18.33,0
"Brooks County, Georgia",9.26,9.01,,25.21,2.51
"Jones County, Mississippi",9.18,4.03,,8.43,0.66
"Madison County, Mississippi",9.17,5.93,,19.48,9.92
"King and Queen County, Virginia",9.08,,,17.9,0
"Sumter County, Alabama",9.07,10.89,0.43,49.21,19.21
"Shelby County, Texas",9,4.46,,6.99,6.7
"Houston County, Texas",9,6.48,,13.63,2.01
"Colbert County, Alabama",8.99,5.98,0.17,7.43,1.3
"Peach County, Georgia",8.96,9.34,,14.09,13.87
"Montgomery County, North Carolina",8.95,8.38,,27.5,16.42
"Panola County, Mississippi",8.85,15.72,,24.04,19.72
"Howard County, Arkansas",8.85,11.52,,6.57,16.06
"Newberry County, South Carolina",8.85,12.1,,12.65,2.21
"Northampton County, Virginia",8.84,8.69,,21.07,0
"Wood County, Texas",8.82,1.98,,2.67,1.06
"Bowie County, Texas",8.81,4.08,,9.07,2.65
"Jeff Davis County, Georgia",8.81,4.69,,5.64,1
"Decatur County, Georgia",8.72,9.37,0.96,15.48,0
"Halifax County, North Carolina",8.7,7.01,,15.24,0
"Lafayette County, Mississippi",8.68,5.05,,7.33,6.36
"Marlboro County, South Carolina",8.61,4.74,,30.78,14.44
"Chicot County, Arkansas",8.6,8.47,,27,1.64
"Craven County, North Carolina",8.58,4.31,,24.89,19.42
"Chowan County, North Carolina",8.55,5.42,,41.21,27.14
"Jones County, North Carolina",8.49,11.89,,18.98,0
"Florence County, South Carolina",8.49,7.64,,10.8,0
"Dickinson County, Iowa",8.47,,,,
"DeSoto County, Mississippi",8.46,5.75,,4.99,5.61
"Chickasaw County, Mississippi",8.45,10.53,,17.31,4.33
"Calhoun County, Mississippi",8.44,5.89,,11.56,3.44
"Lafayette Parish, Louisiana",8.44,11.36,,8.05,0.2
"Terrell County, Georgia",8.43,12.07,,56.64,2.15
"Marion County, Georgia",8.43,6.99,,24.7,0
"Lawrence County, Arkansas",8.41,,,,
"Copiah County, Mississippi",8.39,7.58,,17.06,1.12
"Oktibbeha County, Mississippi",8.33,4.05,,10.24,0
"Rapides Parish, Louisiana",8.32,4.23,,7.21,0
"Marion County, Indiana",8.3,3.48,0.01,8.37,2.62
"Duval County, Florida",8.29,6.19,0.06,7.95,0.17
"Carter County, Oklahoma",8.23,1.37,,2.59,0.14
"Chatham County, North Carolina",8.21,6.51,,22.58,21.08
"Hopkins County, Texas",8.12,2.83,,2.89,1.78
"Clark County, Arkansas",8.11,5.61,,6.65,0
"Norfolk city, Virginia",8.05,4.94,,13.02,3.43
"Talladega County, Alabama",7.99,4.43,,13.91,5.02
"Cross County, Arkansas",7.97,7.21,,7.75,7.83
"Sampson County, North Carolina",7.96,4.57,,20.3,9.81
"Mitchell County, Georgia",7.96,8.2,0.26,29.18,0.72
"Sumter County, Georgia",7.94,8.78,,18.23,0
"Talbot County, Georgia",7.92,6.06,,36.33,13.26
"Howard County, Missouri",7.9,1.18,,1.99,0
"Tate County, Mississippi",7.83,9.18,,15.3,2.65
"Red River Parish, Louisiana",7.82,2.74,,15.87,0
"San Augustine County, Texas",7.81,7.39,,12.94,4.26
"Midland County, Texas",7.77,1.02,,3.43,0.4
"Pike County, Alabama",7.73,11.17,,13.51,1.52
"Marengo County, Alabama",7.71,14.54,0,44.25,17.3
"Hickman County, Kentucky",7.7,3.65,,2.64,3.69
"Jones County, Georgia",7.69,6.15,,7.67,6.96
"Edgecombe County, North Carolina",7.67,2.47,,22.8,5.55
"Clay County, Alabama",7.67,1.3,,5.8,0
"Washington Parish, Louisiana",7.58,5.48,,8.9,0
"Screven County, Georgia",7.56,9.73,,19.38,2.21
"Cumberland County, North Carolina",7.53,4.6,,13.89,6.12
"Madison County, Tennessee",7.5,5.9,,13.79,15.45
"Duplin County, North Carolina",7.47,4.38,,11.97,1.92
"Colleton County, South Carolina",7.46,7.74,,14.27,5.98
"Saginaw County, Michigan",7.46,5.02,,6.29,0
"McDowell County, West Virginia",7.44,2.4,,6.84,1.87
"Portsmouth city, Virginia",7.44,2.34,,,
"Twiggs County, Georgia",7.43,4.58,,28.31,15.36
"Tallahatchie County, Mississippi",7.41,6.26,,28.36,5.18
"Richmond County, North Carolina",7.36,8.41,,29.11,21.44
"Winn Parish, Louisiana",7.34,2.77,,11.79,1.43
"Barnwell County, South Carolina",7.34,2.29,,19.18,1.03
"Richland County, South Carolina",7.31,7.41,,11.65,1.48
"Benton County, Mississippi",7.22,3.68,,17.6,23.73
"Pope County, Illinois",7.18,,,,
"Black Hawk County, Iowa",7.17,6.95,,2.27,0
"Leon County, Florida",7.14,8.06,2.18,7.56,0.14
"Allen County, Indiana",7.1,2.84,,3.41,0
"Fulton County, Kentucky",7.09,6.96,,5.53,2.72
"Monroe County, Georgia",7.08,7.3,,20.11,1.78
"Chatham County, Georgia",7.04,10.68,0.01,15.76,0.59
"Jefferson County, Kentucky",7.02,4.76,0.09,8.37,2.39
"Montgomery County, Ohio",7.02,3.97,,6.17,1.2
"Ouachita Parish, Louisiana",7,5.79,,7.99,1.1
"Mahoning County, Ohio",6.96,4.04,,5.59,0.77
"Stone County, Mississippi",6.96,1.03,,6.72,0.35
"Pearl River County, Mississippi",6.94,1.99,,4.52,0
"Charlton County, Georgia",6.92,7.38,,11.63,0
"Wells County, Indiana",6.92,,,,
"Newton County, Texas",6.91,8.38,,7.58,8.85
"Lake County, Indiana",6.91,5.13,,10.42,1.95
"Lawrence County, Alabama",6.89,2.75,0.25,6.99,3.96
"Genesee County, Michigan",6.84,4.88,,7.24,0.14
"Irwin County, Georgia",6.79,5.83,,18.3,0
"Telfair County, Georgia",6.76,9.5,,20.39,16.6
"Little River County, Arkansas",6.74,4.68,,6.4,9.02
"Jackson County, Missouri",6.73,5.15,,7.45,0.34
"Richland Parish, Louisiana",6.72,8.23,,15.01,0.25
"Isle of Wight County, Virginia",6.7,4.91,,9.77,0
"Madison County, Alabama",6.68,2,3.1,9.09,0.76
"Nacogdoches County, Texas",6.65,3.99,,5.36,6.32
"East Baton Rouge Parish, Louisiana",6.59,8.01,,8.88,0.06
"Vernon Parish, Louisiana",6.59,6.79,,6.12,0.02
"Dooly County, Georgia",6.55,1.52,,54.18,12.71
"Titus County, Texas",6.55,3.11,,4.52,1.74
"Tallapoosa County, Alabama",6.5,8.47,,16.67,7.38
"Lamar County, Alabama",6.48,7.45,,4.23,5.26
"Beaufort County, North Carolina",6.47,4.59,,31.07,25.93
"Yalobusha County, Mississippi",6.46,13.06,,22.75,21.2
"Washington County, Alabama",6.45,9.22,,26.84,12.59
"Vance County, North Carolina",6.45,5.82,,18.94,1.92
"Darlington County, South Carolina",6.45,6.16,,12.44,0
"Sevier County, Arkansas",6.45,1.15,,1.75,0
"Marion County, Texas",6.44,2.84,,14.19,0.73
"Giles County, Tennessee",6.44,5.11,0.85,0.46,0
"Wilkes County, Georgia",6.4,5.67,,27.95,5.49
"Elbert County, Georgia",6.39,6.34,,17.81,8.63
"Perry County, Mississippi",6.39,,,7.12,0
"Burke County, Georgia",6.38,7.95,,35.41,4.09
"Bossier Parish, Louisiana",6.37,5.88,,7.25,3.08
"Lamar County, Georgia",6.35,6.53,,19.86,12.34
"Warren County, North Carolina",6.35,0.56,,23.83,0
"Green County, Kentucky",6.3,,,,
"Calhoun County, Alabama",6.29,4.35,,10.38,4.3
"Freestone County, Texas",6.29,4.3,,6.27,0
"Camden County, Georgia",6.21,4.76,,3.39,0
"Southampton County, Virginia",6.17,3.35,,35.86,15.43
"Montgomery County, Mississippi",6.13,8.16,0.21,19.24,4.33
"Rockingham County, North Carolina",6.12,1.87,0.39,6.01,0
"Columbus County, North Carolina",6.11,6.21,,20.84,11.09
"Gibson County, Tennessee",6.11,3.95,,3.9,8.5
"Schley County, Georgia",6.11,3.89,,20.32,0
"Laurens County, South Carolina",6.09,8.1,,9.21,0
"Jackson Parish, Louisiana",6.07,4.53,,11.72,2.59
"Upshur County, Texas",6.05,2.23,,4.2,3.59
"Tuscaloosa County, Alabama",6.01,7.41,,15.41,9.65
"Surry County, Virginia",6.01,5.87,,23.97,0
"DeWitt County, Texas",5.96,,,3.71,0
"Lancaster County, South Carolina",5.95,6.48,,34.78,25.63
"Gregg County, Texas",5.95,4.5,,7.98,2.73
"Tunica County, Mississippi",5.93,2.43,,36.59,11.67
"Cass County, Texas",5.93,6.81,,6.81,10.89
"Clayton County, Georgia",5.9,3.13,,9.92,0
"Long County, Georgia",5.89,0.91,,8.27,0
"Saluda County, South Carolina",5.87,4.91,,14.24,4.64
"Hamilton County, Florida",5.87,4.57,0.27,14.46,0.18
"Tangipahoa Parish, Louisiana",5.86,6.01,,16.17,8.25
"Stewart County, Tennessee",5.86,,,,1.96
"Adams County, Indiana",5.86,,,,
"Dallas County, Texas",5.84,2.95,0.07,8.4,0.96
"Lincoln Parish, Louisiana",5.82,5.91,,10.85,2.5
"Tift County, Georgia",5.81,2.82,,10.46,1.02
"Forrest County, Mississippi",5.8,1.15,,9.48,0.38
"Berrien County, Michigan",5.8,4.1,,5.52,0
"Gray County, Kansas",5.8,,,,
"Conecuh County, Alabama",5.79,15.12,,42.68,18.38
"Wheeler County, Georgia",5.76,5.57,,17.76,0
"Washington County, Florida",5.73,5.02,,3.65,0
"Hitchcock County, Nebraska",5.73,,,,
"Lake County, Tennessee",5.71,4.39,,5.98,2.33
"Miller County, Arkansas",5.7,4.69,,8.73,4.1
"Winston County, Mississippi",5.7,15.86,,18.32,3.67
"Issaquena County, Mississippi",5.68,,,25.46,0
"Jasper County, Texas",5.66,3.57,,6.42,2.56
"Steuben County, Indiana",5.66,,,,
"Toombs County, Georgia",5.64,4.71,,8.85,0
"Union County, Kentucky",5.62,0.55,,4.59,3.79
"Pulaski County, Georgia",5.6,1.5,,19.06,2.57
"Humphreys County, Mississippi",5.6,11.03,,32.31,0
"Dewey County, Oklahoma",5.58,,,,
"Cherokee County, Texas",5.57,1.81,,5.64,6.7
"Pemiscot County, Missouri",5.56,3.82,,10.04,0
"Hamilton County, Tennessee",5.55,4.32,0.21,8.71,1.9
"Montgomery County, Georgia",5.55,5.98,,16.45,0
"Halifax County, Virginia",5.54,3.01,,12.5,5.79
"Meriwether County, Georgia",5.52,8,,26.7,9.92
"Philadelphia County, Pennsylvania",5.52,3.72,0.02,7.42,0.8
"Milwaukee County, Wisconsin",5.52,4.07,,6.8,0.56
"Cottle County, Texas",5.51,,,,
"Calcasieu Parish, Louisiana",5.5,4.58,,8.21,0.91
"Mississippi County, Missouri",5.5,4.65,,5.23,0
"Chesterfield County, South Carolina",5.49,7.16,,33.83,22.28
"Washington County, Georgia",5.49,10.04,,31.27,2.66
"Houston County, Alabama",5.49,3.8,,10.76,0
"Lenoir County, North Carolina",5.48,3.69,,20.77,8.61
"Morgan County, Georgia",5.47,3.34,,20.47,0
"Hampton city, Virginia",5.46,3.26,,10.65,0
"Etowah County, Alabama",5.41,4.61,,6.16,0.86
"St. Clair County, Illinois",5.41,3.81,,6.38,0.64
"Cook County, Illinois",5.4,2.87,0.01,6,0.64
"Allen Parish, Louisiana",5.4,2.24,,5.96,0.17
"Lunenburg County, Virginia",5.4,4.6,,17.19,0
"Covington County, Mississippi",5.39,3.83,,15.76,5.04
"Glynn County, Georgia",5.37,3.8,,8.17,0.51
"Attala County, Mississippi",5.36,3.52,,18.05,0.87
"Greene County, North Carolina",5.35,5.62,,28.92,7.18
"Cleveland County, North Carolina",5.35,5.39,,8.86,3.7
"Edgefield County, South Carolina",5.35,2.98,,20.46,0.21
"Jackson County, South Dakota",5.35,,,,
"Sharp County, Arkansas",5.33,,,,
"Panola County, Texas",5.31,2.45,,6.13,3.73
"Briscoe County, Texas",5.3,,,,
"Butler County, Alabama",5.27,7.91,,60.36,41.56
"Laurens County, Georgia",5.27,4.47,,16.14,1.95
"Cuyahoga County, Ohio",5.27,3.19,0.04,9.47,1.63
"Allen County, Ohio",5.25,4.09,,3.87,0.21
"Seminole County, Georgia",5.25,6.27,,18.96,0
"Dale County, Alabama",5.23,3.76,,8.77,0
"Gates County, North Carolina",5.21,5.09,,25.31,3.64
"Webster County, Kentucky",5.21,0.23,,4.69,2.82
"Hopkins County, Kentucky",5.21,1.92,,2.96,0.83
"Norton city, Virginia",5.21,3.03,,,
"Essex County, New Jersey",5.19,4.93,0.06,8.34,1.44
"Franklin County, Nebraska",5.19,,,,
"Lauderdale County, Tennessee",5.16,4.18,,10.55,4.52
"Wayne County, North Carolina",5.15,1.94,,13.42,3.17
"Polk County, Texas",5.12,0.89,0.02,4.17,0
"Caldwell County, Kentucky",5.11,0.92,,1.72,3.23
"Wilkinson County, Mississippi",5.1,7.39,,30.58,9.6
"Washington County, Missouri",5.1,0.73,,,
"Grand County, Colorado",5.09,,,,
"Lee County, Mississippi",5.08,3.92,,6.75,3.93
"Person County, North Carolina",5.06,5.3,,8.98,0
"Chattahoochee County, Georgia",5.02,5.17,,9.42,1.91
"Polk County, North Carolina",4.99,1.71,,2.76,3.27
"Lee County, Alabama",4.98,5.25,,26.63,26.81
"Pender County, North Carolina",4.97,4.08,,9.16,0.05
"Roanoke city, Virginia",4.97,3.53,,,
"Harris County, Georgia",4.96,2.84,,6.56,7.64
"McNairy County, Tennessee",4.95,,,1.65,0.44
"Coosa County, Alabama",4.91,12.03,,17.63,1.02
"Taylor County, Florida",4.91,3.92,0.37,4.7,0
"Greenwood County, South Carolina",4.87,7.07,,9.22,1.02
"Crawford County, Georgia",4.85,8.5,,18.2,16.24
"Troup County, Georgia",4.82,3.27,,11.99,6.19
"Upson County, Georgia",4.82,5.82,,10.41,3.63
"Lincoln County, Arkansas",4.82,5.81,,15.96,0.95
"Prentiss County, Mississippi",4.79,1.3,,3.52,1.05
"Sharkey County, Mississippi",4.79,7.89,,31.66,0.82
"Cochran County, Texas",4.79,,,,
"Anderson County, South Carolina",4.77,4.21,,6.29,1.15
"Butts County, Georgia",4.75,5.72,,10.41,8.14
"Forsyth County, North Carolina",4.71,2.45,0.08,12.69,5.83
"Beauregard Parish, Louisiana",4.71,4.59,,4.31,1.43
"Mitchell County, North Carolina",4.7,,,,
"Sussex County, Virginia",4.68,2.56,,27.19,0
"Tyrrell County, North Carolina",4.68,5.26,,17.17,0
"Alexandria city, Virginia",4.68,4.87,,,
"Modoc County, California",4.67,,,,
"Butte County, Idaho",4.66,6.57,,,
"Kankakee County, Illinois",4.64,3.07,,5.22,0.47
"Doniphan County, Kansas",4.63,1.81,,,
"Christian County, Kentucky",4.62,3.08,,9.57,3.32
"Bradford County, Florida",4.62,1.53,,6.4,0
"Obion County, Tennessee",4.59,4.26,,3.01,1.2
"Franklin County, Mississippi",4.59,3.84,,16.35,0
"Hoke County, North Carolina",4.57,2.62,,29.87,12.11
"Harrison County, Mississippi",4.57,3.06,,7.57,0.31
"Fayette County, Kentucky",4.55,2.46,,4.93,0.31
"Howard County, Indiana",4.53,1.85,,2.15,0.32
"Delta County, Texas",4.51,,,,4.59
"Coffee County, Georgia",4.5,2.02,,10.03,1.19
"Escambia County, Florida",4.48,4.08,1.22,7.95,1.71
"Craighead County, Arkansas",4.48,0.68,,1.66,1.44
"Lowndes County, Georgia",4.48,3.2,,12.63,0.77
"New Hanover County, North Carolina",4.47,3.16,,15.61,9.73
"Putnam County, Florida",4.47,3.11,0.56,4.92,0.2
"Mecklenburg County, Virginia",4.44,0.72,,11.47,0
"Alcorn County, Mississippi",4.43,2.44,,3.4,1.76
"Erie County, New York",4.4,2.63,,3.72,1.53
"Robeson County, North Carolina",4.39,3.4,,9.21,1.41
"Pointe Coupee Parish, Louisiana",4.39,2.68,,16.9,0
"Harrison County, Texas",4.38,4.75,,8.49,5.05
"Chemung County, New York",4.36,1.09,,2,0.85
"Lucas County, Ohio",4.36,3.43,,5.75,0.55
"Covington city, Virginia",4.36,6.59,,,
"Crockett County, Tennessee",4.34,4.48,,8.35,4.63
"Lonoke County, Arkansas",4.34,0.79,,3.77,0.82
"Smith County, Tennessee",4.34,1.6,,,
"Elkhart County, Indiana",4.33,1.97,,1.6,0.05
"Franklin County, North Carolina",4.3,1.73,,10.55,1.5
"Anderson County, Texas",4.3,2.02,0.19,7.56,0
"Limestone County, Alabama",4.29,1.05,0.91,4.81,1.5
"Rusk County, Texas",4.28,3.26,,6.96,1.18
"Cumberland County, New Jersey",4.28,1.18,,4.47,0.38
"Lawrence County, Ohio",4.28,0.86,,0.86,0
"Pike County, Arkansas",4.27,1.63,,,
"Greene County, Georgia",4.26,7.58,,30.54,0
"Limestone County, Texas",4.26,4.7,2.92,6.52,0
"Muskogee County, Oklahoma",4.24,4.21,,4.37,0.38
"Sabine Parish, Louisiana",4.24,3.31,,4.97,0
"Gulf County, Florida",4.23,3.95,1.35,4.71,0
"Smith County, Texas",4.22,4.11,,8.66,4.33
"Hamilton County, Ohio",4.22,2.59,0,7.94,1.18
"Evans County, Georgia",4.21,0.69,,20.32,0
"Polk County, Georgia",4.21,2.59,,2.47,0
"Raleigh County, West Virginia",4.21,2.01,,2.32,0
"Boyle County, Kentucky",4.2,4.41,0.08,2.86,0
"Peoria County, Illinois",4.19,1.87,,4.19,0
"Lincoln County, Georgia",4.16,4.43,,22.09,13.71
"Stephenson County, Illinois",4.15,2.86,,1.6,0.91
"Navarro County, Texas",4.15,3.99,0.11,6.4,0.48
"Todd County, Kentucky",4.13,1.03,,3.31,9.04
"Jackson County, Arkansas",4.13,2.98,,4.33,0.72
"Putnam County, Georgia",4.13,4.54,,19.54,0
"Hardee County, Florida",4.12,2.31,0.14,1.4,1.17
"Saline County, Arkansas",4.12,1.01,,0.8,0
"Bibb County, Alabama",4.11,4.22,,12.61,5.33
"Okfuskee County, Oklahoma",4.1,2.99,,3.45,2.49
"Kanawha County, West Virginia",4.1,1.61,,2.5,0.05
"Aiken County, South Carolina",4.08,4.44,,9.31,0.17
"McCurtain County, Oklahoma",4.07,1.78,,3.28,0.43
"Henry County, Tennessee",4.05,3.49,,3.92,5.52
"Caroline County, Maryland",4.04,4.39,,3.71,0
"Martin County, North Carolina",4.03,3.94,,19.32,5.63
"DeSoto County, Florida",4.03,3.55,,3.9,0.26
"Grady County, Georgia",4.01,4.76,1.65,18.7,2.27
"Bartow County, Georgia",4.01,1.72,,3.06,0
"Poinsett County, Arkansas",4.01,0.8,,2.18,0
"Austin County, Texas",3.98,3.58,,4.34,0
"Orange County, North Carolina",3.97,2.1,,5.74,1.53
"McCracken County, Kentucky",3.97,1.43,,3.04,0.83
"Seminole County, Florida",3.95,0.77,0.11,2.71,0
"Haralson County, Georgia",3.93,,,2.39,0
"Livingston County, Kentucky",3.92,1.87,,,
"Robertson County, Texas",3.91,2.24,,13.2,0
"Pulaski County, Illinois",3.89,3.34,,11.79,0.7
"Lincoln County, Mississippi",3.88,5.38,,9.29,0
"Guilford County, North Carolina",3.87,3.33,,11.47,5.53
"Rutherford County, North Carolina",3.86,4.99,,4.99,3.53
"Hawkins County, Tennessee",3.86,0.9,,1.01,0.74
"De Soto Parish, Louisiana",3.85,4.33,,12.83,0
"Rankin County, Mississippi",3.84,2.02,,6.45,0.86
"Patrick County, Virginia",3.84,0.95,0.74,2.08,0
"West Baton Rouge Parish, Louisiana",3.83,0.78,,9.4,0
"Lauderdale County, Alabama",3.82,2.53,0.38,4.31,0.42
"Carroll County, Tennessee",3.81,2.11,,3.14,2.14
"Crisp County, Georgia",3.78,0.93,,12.6,1.41
"White County, Arkansas",3.77,0.84,,0.95,4.59
"Clarke County, Georgia",3.76,3.3,,7.35,1.16
"Tattnall County, Georgia",3.76,5.4,0.22,16.76,0
"Franklin County, Tennessee",3.75,1.17,1.03,2.97,0
"Lee County, North Carolina",3.74,4.41,,21.57,16.55
"Monroe County, Mississippi",3.73,2.99,,9.54,2.46
"East Feliciana Parish, Louisiana",3.72,6.68,,19.25,0.56
"Falls County, Texas",3.7,3.02,,12.6,0
"New Madrid County, Missouri",3.68,2.59,,4.25,0.53
"McIntosh County, Georgia",3.68,3.73,,28.8,0
"Bamberg County, South Carolina",3.68,2.33,,26.8,0
"Donley County, Texas",3.68,,,,
"Moore County, North Carolina",3.66,4.61,,13.99,7.37
"Lee County, Virginia",3.66,1.85,,0.51,0.48
"Walthall County, Mississippi",3.66,1.22,,19.15,0
"Lincoln County, Tennessee",3.65,3.88,0.2,0.74,0
"Van Buren County, Arkansas",3.65,,,,
"Chesapeake city, Virginia",3.65,3.02,,,
"Lynchburg city, Virginia",3.65,0.97,,,
"Atkinson County, Georgia",3.64,8.5,,16.13,0
"St. Bernard Parish, Louisiana",3.63,,,1.64,0
"Greenville County, South Carolina",3.62,1.72,,6.79,0.93
"Durham County, North Carolina",3.61,2.52,,13.34,5.63
"Spartanburg County, South Carolina",3.61,3.58,,8.43,1.78
"Kaufman County, Texas",3.58,1.8,,5.94,0.55
"Knox County, Texas",3.58,,,,0.26
"Amite County, Mississippi",3.57,10.13,,20.06,12.21
"Richland County, Ohio",3.57,1.34,,2.84,0.14
"Coffee County, Alabama",3.57,2.64,,6.27,0
"Rockcastle County, Kentucky",3.57,,,,
"Taylor County, Georgia",3.56,2.73,,25.49,0
"Logan County, Kentucky",3.55,1.98,,4.87,2.32
"Randolph County, Alabama",3.55,8.52,,8.47,0.59
"Jackson County, Alabama",3.52,1.59,0.15,1.5,0.08
"Jasper County, South Carolina",3.52,3.08,,26.27,0
"Lake County, Michigan",3.52,1.01,,3.73,0
"Cooper County, Missouri",3.52,1.27,,2.02,0
"Wells County, North Dakota",3.52,,,,
"Shawnee County, Kansas",3.51,3.67,0.02,2.76,0
"Comanche County, Oklahoma",3.49,2.19,,7,0
"Dodge County, Georgia",3.48,0.94,,15.99,2.66
"DeKalb County, Indiana",3.47,,,,
"Granville County, North Carolina",3.46,1.6,,15.45,4.46
"Wharton County, Texas",3.46,2.83,,5.52,0
"Rock Island County, Illinois",3.44,2.42,,2.16,0
"Jay County, Indiana",3.42,,,,
"Horry County, South Carolina",3.4,2.93,,5.26,0
"Cherokee County, South Carolina",3.38,4.05,,7.66,6.46
"Calhoun County, Michigan",3.37,2.12,,4.14,0.35
"Clarke County, Mississippi",3.37,3.69,,15.22,0
"Caroline County, Virginia",3.36,2.7,,16.26,0
"Arkansas County, Arkansas",3.35,5.43,,6.66,0
"Boone County, West Virginia",3.34,1.98,,,
"Union County, North Carolina",3.33,2.17,,11.22,7.15
"Dyer County, Tennessee",3.32,1.45,,4.46,5.23
"Lanier County, Georgia",3.32,1.91,,16.02,0
"Arlington County, Virginia",3.31,2.18,,5.77,0.88
"Wilbarger County, Texas",3.31,3.44,,2.92,0.67
"Burke County, North Carolina",3.31,2.21,,2.93,0.48
"Alamance County, North Carolina",3.31,2.28,,6.98,0.08
"Suwannee County, Florida",3.31,5.44,0,3.84,0
"Orange County, Florida",3.3,1.5,0.06,4.83,0.32
"Macon County, Illinois",3.29,1.53,,3.7,0.22
"Chambers County, Texas",3.26,0,,4.28,0
"Iberville Parish, Louisiana",3.25,2.53,,13.58,0.04
"Webster County, Georgia",3.24,6.68,,29.52,0
"Morgan County, Alabama",3.23,2.18,0.36,4.9,2.24
"Oklahoma County, Oklahoma",3.23,3.11,,5.76,0.77
"Dauphin County, Pennsylvania",3.23,2.41,,3.87,0.37
"Oglethorpe County, Georgia",3.22,1.64,,10.57,1.68
"Trinity County, Texas",3.22,5.7,,4.59,1.05
"Ellis County, Texas",3.22,1.35,0.08,4.35,0.42
"Escambia County, Alabama",3.21,5.65,0.64,11.49,1.08
"Union Parish, Louisiana",3.21,0.54,,11.13,0
"Hill County, Texas",3.21,2.81,,3.07,0
"Gaston County, North Carolina",3.19,2.94,,10.33,5.98
"Jasper County, Mississippi",3.19,4.62,,22.65,0
"Terrebonne Parish, Louisiana",3.19,3.27,,6.15,0
"Swain County, North Carolina",3.19,,,,
"Iberia Parish, Louisiana",3.18,3.03,,8.87,1.1
"Tarrant County, Texas",3.17,1.86,,5.1,0.67
"Marshall County, Kentucky",3.16,,,,
"Chattooga County, Georgia",3.15,2.56,,4.48,3.2
"Berkeley County, South Carolina",3.14,3.59,,9.9,0
"Brunswick County, North Carolina",3.13,2.62,,11.04,8.15
"Nash County, North Carolina",3.13,1.21,,10.2,1.01
"Columbia County, Florida",3.13,3.46,,4.8,0
"Surry County, North Carolina",3.11,0.58,0.84,1.36,0.15
"Greensville County, Virginia",3.11,4.66,,22.13,0
"McCreary County, Kentucky",3.11,,,,
"Turner County, Georgia",3.09,1.39,,25.04,0
"Harnett County, North Carolina",3.08,3.04,,15.47,10.19
"Waller County, Texas",3.08,1.58,0.19,11.12,0
"Chariton County, Missouri",3.08,3.55,,,
"Polk County, Florida",3.07,1.79,0.31,4.25,0.12
"York County, South Carolina",3.06,2.48,,21.86,10.78
"Sedgwick County, Kansas",3.06,2.27,,3.05,0
"Morgan County, Indiana",3.06,,,,
"Kershaw County, South Carolina",3.05,3.45,,11.14,2.69
"Walker County, Alabama",3.05,1.62,0.07,3.21,1.55
"Fayette County, Alabama",3.04,3.14,,7.64,4.19
"St. Joseph County, Indiana",3.04,1.24,,3.63,0.4
"Bristol city, Virginia",3.04,0.67,,,
"Henry County, Virginia",3,1.64,0.1,8.76,0
"St. Clair County, Michigan",2.99,0.12,,0.74,0
"Perry County, Arkansas",2.99,1.15,,,
"Clark County, Kentucky",2.98,2.23,,2.07,1.39
"Dorchester County, South Carolina",2.97,3.46,,9.42,0.4
"Calhoun County, Florida",2.97,2.47,,3.85,0
"Mecklenburg County, North Carolina",2.95,2.89,0.63,14.77,10.48
"Wake County, North Carolina",2.94,1.83,,9.79,3.53
"Jackson County, Mississippi",2.93,2.34,,9.11,0.94
"Maury County, Tennessee",2.93,2.51,0.65,5.78,0
"Montgomery County, Tennessee",2.92,2.41,,6.78,1.55
"St. John the Baptist Parish, Louisiana",2.92,2.85,,9.94,0
"Gwinnett County, Georgia",2.9,1.05,,2.24,0.17
"Rowan County, North Carolina",2.89,1.37,0.17,17.03,9
"George County, Mississippi",2.89,1.76,,2.96,0
"Elbert County, Colorado",2.88,,,,
"Montgomery County, Kansas",2.87,1.22,,1.69,0.3
"Franklin County, Texas",2.86,4.2,,,5.51
"Milam County, Texas",2.86,2.77,,4.27,0
"West Carroll Parish, Louisiana",2.85,4.94,,4.73,0
"Coal County, Oklahoma",2.85,,,,
"Wicomico County, Maryland",2.84,0.97,,6.54,1.86
"Autauga County, Alabama",2.83,4.2,0.1,14.96,7.17
"Chilton County, Alabama",2.81,2.56,,4.18,0
"Delaware County, Indiana",2.81,1.48,,1.91,0
"Harris County, Texas",2.8,1.6,,8.18,0.45
"Davie County, North Carolina",2.79,3.24,,6.78,5.91
"Jack County, Texas",2.79,1.33,,,0.22
"Hartford County, Connecticut",2.78,0.94,,3.24,1.04
"Pitt County, North Carolina",2.78,1.61,,10.72,0.85
"Clark County, Ohio",2.77,0.93,,3,0.37
"Cass County, Michigan",2.77,0.94,,2.19,0
"Houston County, Tennessee",2.75,5.79,,,6.75
"Emanuel County, Georgia",2.75,6.33,,19.77,0
"Danville city, Virginia",2.74,1.09,,,
"Appling County, Georgia",2.73,4.12,,10.03,0
"Prairie County, Arkansas",2.73,2.04,,4.08,0
"Cumberland County, Kentucky",2.72,1.75,,,2.46
"Natchitoches Parish, Louisiana",2.72,2.7,,10.89,0
"Jefferson Parish, Louisiana",2.7,1.71,,6.23,0.1
"Lincoln County, West Virginia",2.7,,,,
"Knox County, Tennessee",2.69,1.6,,5.49,3.18
"Bourbon County, Kentucky",2.69,2.75,,3.28,0.68
"Charlevoix County, Michigan",2.69,,,,
"Suffolk city, Virginia",2.68,2.3,,13.49,1.24
"Lenawee County, Michigan",2.67,0.18,,0.46,0
"Clay County, Georgia",2.67,28.59,,34.3,0
"Garland County, Arkansas",2.66,2.68,,2.4,2.16
"Somerset County, New Jersey",2.66,0.33,,1.69,0.29
"Evangeline Parish, Louisiana",2.66,1.3,,7.77,0
"Newport News city, Virginia",2.65,1.53,,10.89,1.69
"Graves County, Kentucky",2.65,1.83,,1.37,0
"Mineral County, Nevada",2.64,3.63,,,
"Decatur County, Tennessee",2.64,2.13,,,
"Wilkes County, North Carolina",2.63,0.83,,2.22,0.91
"Hamblen County, Tennessee",2.63,0.49,,1.9,0
"Stephens County, Georgia",2.62,2.64,,4.28,5.08
"Colquitt County, Georgia",2.61,1.96,,10.25,1.27
"Scott County, Mississippi",2.61,2.02,0.76,16.94,0
"Wilcox County, Georgia",2.6,6.96,,18.85,2.5
"Trumbull County, Ohio",2.59,1.65,,2.25,0.01
"St. Mary Parish, Louisiana",2.59,3.88,,9.49,0
"Teton County, Idaho",2.58,,,,
"Alameda County, California",2.57,1.37,,4.81,0.66
"Pittsylvania County, Virginia",2.57,0.6,0.36,8.65,0.23
"Worth County, Georgia",2.57,2.5,,18.62,0
"Washington County, Texas",2.57,2.42,,6.95,0
"Iredell County, North Carolina",2.55,2.04,,10.56,7.09
"Wayne County, Mississippi",2.54,0.6,,16.1,0
"Franklin Parish, Louisiana",2.54,1.51,,12.81,0
"Pierce County, Georgia",2.54,0.67,,4.32,0
"LaPorte County, Indiana",2.54,1.93,,2.39,0
"Candler County, Georgia",2.53,3.42,0.99,18.13,0
"Lawrence County, Mississippi",2.53,3.83,,14.73,0
"Galveston County, Texas",2.52,1.84,,7.37,0.66
"Union County, New Jersey",2.52,1.46,,4.68,0.27
"Sangamon County, Illinois",2.52,2.29,,2.48,0.01
"Miami-Dade County, Florida",2.52,2.41,0.03,6.57,
"Houston County, Georgia",2.51,1.62,,9.07,3.79
"Logan County, Oklahoma",2.51,2.37,,5.31,1.45
"Beaver County, Pennsylvania",2.51,1.83,,1.63,0.27
"Kent County, Maryland",2.5,4.87,,4.15,0
"Washtenaw County, Michigan",2.5,1.56,,3.84,0
"Orange County, Texas",2.49,1.04,,3.55,0.82
"Bell County, Texas",2.49,1.73,,8.11,0
"Radford city, Virginia",2.49,1.02,,,
"Lexington County, South Carolina",2.48,1.79,,4.35,1.72
"Travis County, Texas",2.48,1.97,0.1,4.47,0
"Roane County, Tennessee",2.48,1.21,0.08,1.65,0
"St. Clair County, Alabama",2.47,2.13,,4.17,1.41
"Cook County, Georgia",2.46,4.79,,17.87,0
"Franklin County, Alabama",2.45,1.66,,1.64,1.19
"Letcher County, Kentucky",2.45,,,0.36,0.32
"Jefferson County, Ohio",2.45,1.14,,1.84,0.21
"Worcester County, Maryland",2.45,1.52,,4.61,0
"Walker County, Texas",2.44,3.12,,7.56,0
"Putnam County, West Virginia",2.44,,,,
"Taylor County, Kentucky",2.42,2.23,,2.12,0.74
"Woodruff County, Arkansas",2.42,4.17,,13.77,0
"Lee County, Georgia",2.42,1.35,,8.32,0
"Marion County, Florida",2.42,1.21,0.02,3.97,0
"Onslow County, North Carolina",2.41,1.06,,9.81,3.14
"Greene County, Mississippi",2.41,1.25,,6.68,0
"Perry County, Tennessee",2.41,1.53,,,
"Jefferson County, Illinois",2.4,2.8,,2.7,1.79
"Dinwiddie County, Virginia",2.4,0.43,,13.3,0.87
"Cabarrus County, North Carolina",2.39,1.72,0.14,17.63,14.83
"Winnebago County, Illinois",2.39,1.88,,2.84,0.17
"Hendry County, Florida",2.39,1.47,,4.62,0
"Choctaw County, Mississippi",2.38,2.15,,15.65,2.3
"St. Joseph County, Michigan",2.38,1.35,,0.81,0
"Elmore County, Alabama",2.37,2.4,,17.49,8.31
"Floyd County, Georgia",2.37,1.49,,5.68,1.36
"Erie County, Ohio",2.37,1.98,,2.4,0.95
"Baldwin County, Georgia",2.35,2.2,,15.55,1.09
"Champaign County, Illinois",2.35,0.72,,2.85,0.54
"San Francisco County, California",2.35,1.64,,2.8,0.48
"Floyd County, Indiana",2.33,0.99,,1.37,1.02
"Union County, Florida",2.33,0.75,,5.94,0
"Ray County, Missouri",2.33,1.05,,,
"Saline County, Kansas",2.32,1.34,,0.84,0
"Cabell County, West Virginia",2.32,0.43,,1.49,0
"Fredericksburg city, Virginia",2.32,2.95,,,
"Moore County, Tennessee",2.32,2.81,,,
"Baltimore County, Maryland",2.31,4.03,,3.3,0.02
"Union County, Mississippi",2.3,3.46,,4.37,4.42
"Mercer County, New Jersey",2.3,1.4,0.11,5.21,0.81
"Harlan County, Kentucky",2.3,3.31,,1.8,0.67
"Nicholas County, West Virginia",2.3,,,,
"Ben Hill County, Georgia",2.29,2.51,,19.11,4.96
"Garvin County, Oklahoma",2.29,0.27,,0.83,0
"Bell County, Kentucky",2.28,0.41,,1.63,0.77
"Franklin County, Ohio",2.28,1.66,,5.65,0.37
"McLennan County, Texas",2.28,1.64,0.02,6.45,0.15
"Douglas County, Nebraska",2.27,2.45,0.04,3.75,0
"Muskegon County, Michigan",2.26,1.92,,6.1,1.15
"Dorchester County, Maryland",2.26,2.21,,6.17,0
"Lynn County, Texas",2.25,,,,0.27
"Johnson County, Illinois",2.25,,,2.12,0
"Hancock County, Tennessee",2.25,,,,
"Westchester County, New York",2.24,1.88,,4.86,2.46
"Currituck County, North Carolina",2.23,2.58,,10.75,9.2
"Washington County, Arkansas",2.23,0.31,,0.56,0
"Franklin County, Florida",2.23,2.5,0.07,3.1,0
"Franklin County, Kentucky",2.23,0.88,,2.27,0
"Pike County, Georgia",2.22,1.76,,7.41,11.21
"Los Angeles County, California",2.22,1.14,0.01,3.11,0.4
"Logan County, Arkansas",2.22,1.64,,,0
"Queens County, New York",2.21,1.82,,4.63,0.44
"Hopewell city, Virginia",2.21,,,,
"Hillsborough County, Florida",2.2,1.72,0.2,4.29,0.22
"Marshall County, Tennessee",2.2,1.81,0.23,1.53,0
"Fulton County, Indiana",2.2,,,,
"Henderson County, Texas",2.19,1.08,,2.66,4.07
"Walton County, Georgia",2.19,1.21,,10.31,3.29
"Bryan County, Georgia",2.19,2.02,,5.97,0
"Randolph County, Illinois",2.17,2.11,,2.02,0
"Staunton city, Virginia",2.17,0.69,,,
"Woodford County, Kentucky",2.16,0.98,,2.47,0
"Pontotoc County, Oklahoma",2.15,1.64,,0.77,0
"Bedford County, Tennessee",2.15,1.35,0.17,2.46,0
"Campbell County, Tennessee",2.14,1.18,,0.22,0.22
"Nolan County, Texas",2.14,0.82,,1.56,0
"Weakley County, Tennessee",2.13,0.84,,0.47,1.34
"Wayne County, West Virginia",2.13,,,,
"Madison County, Illinois",2.12,1.46,,1.99,0.01
"Crenshaw County, Alabama",2.11,1.75,,30.14,17.17
"Somerset County, Maryland",2.11,1.08,,12.84,1.94
"Grayson County, Texas",2.1,1.97,,2.83,1.67
"Fairbanks North Star Borough, Alaska",2.1,0.48,,1.74,0.13
"Cobb County, Georgia",2.1,1.78,,4.01,0.09
"Racine County, Wisconsin",2.1,1.8,,3.3,0.05
"Osage County, Oklahoma",2.1,0.44,,3.9,0
"Cecil County, Maryland",2.1,0.78,,1.27,0
"Anderson County, Kentucky",2.1,2.89,,,
"Hart County, Georgia",2.09,2.01,,7.28,11.82
"Broward County, Florida",2.09,1.02,0.02,4.78,0.16
"Alachua County, Florida",2.09,2.19,0.03,5.99,0.15
"Brantley County, Georgia",2.09,0.68,,2.65,0
"Muhlenberg County, Kentucky",2.08,1.43,,3.21,1.9
"Tulsa County, Oklahoma",2.07,2.03,,3.82,0.43
"Pinellas County, Florida",2.07,1.09,0.19,2.31,0.12
"Volusia County, Florida",2.07,1.06,0,2.75,0.03
"Tippah County, Mississippi",2.07,,2.38,5.01,0
"Ballard County, Kentucky",2.07,,,,
"Maverick County, Texas",2.07,,,,
"Grant County, Indiana",2.05,1.81,,1.8,0
"St. Louis County, Missouri",2.04,0.94,0.01,4.89,0.36
"Lee County, Texas",2.03,2.6,0.16,4.62,0
"Nicholas County, Kentucky",2.02,,,,2.68
"Randolph County, Arkansas",2.02,,,,
"Hutchinson County, South Dakota",2.02,,,,
"Neosho County, Kansas",2.02,1.87,,,
"Bland County, Virginia",2.01,1.69,,,
"Wilson County, North Carolina",2,2.2,,15.58,4.41
"Guadalupe County, Texas",2,0.14,,2.39,0
"St. Landry Parish, Louisiana",1.99,2.47,,12.04,0
"Seward County, Nebraska",1.99,,,,
"Charles City County, Virginia",1.98,1.6,,16.95,0
"Page County, Iowa",1.97,,,,
"Sanilac County, Michigan",1.97,,,,
"Carteret County, North Carolina",1.96,1.22,,6.74,5.49
"San Jacinto County, Texas",1.96,1.78,0.31,5.06,0
"Albany County, New York",1.95,0.9,,2.6,0.95
"Reynolds County, Missouri",1.94,,,,
"Audrain County, Missouri",1.93,4.09,,1.59,0
"Monroe County, Florida",1.93,1.04,,1.31,0
"Darke County, Ohio",1.93,,,,
"Winkler County, Texas",1.93,,,,
"Catawba County, North Carolina",1.92,1.47,,5.84,2.87
"Butler County, Missouri",1.92,1.29,,1.36,0
"Clinton County, Ohio",1.91,0.88,,0.56,0
"Beaufort County, South Carolina",1.91,1.68,,8.81,0
"Neshoba County, Mississippi",1.91,1.96,,5.79,0
"Baker County, Florida",1.91,1.27,,4,0
"Shelby County, Alabama",1.9,1.24,,3.72,0.16
"Denver County, Colorado",1.9,1.41,,3.41,0.07
"Washington County, Oklahoma",1.9,0.36,,0.82,0
"Glenn County, California",1.9,0.68,,,
"Union County, Pennsylvania",1.89,0.39,,0.51,0
"Coweta County, Georgia",1.89,1.64,,9.48,0
"Walton County, Florida",1.89,2.3,0.12,1.73,0
"Summers County, West Virginia",1.89,0.83,,1.5,0
"Talbot County, Maryland",1.88,1.71,,3.87,0
"Fannin County, Texas",1.87,1.95,,2.11,3.01
"Robertson County, Tennessee",1.87,1.21,,6.65,2.21
"Cocke County, Tennessee",1.87,1.01,,2.87,2.03
"Kalamazoo County, Michigan",1.87,1.65,0.04,3.13,0
"Yukon-Koyukuk Census Area, Alaska",1.87,,,,
"Palm Beach County, Florida",1.86,1.33,0,3.8,0.14
"Hockley County, Texas",1.86,0.83,,1.48,0
"Liberty County, Texas",1.85,0.49,,5.57,0.13
"Nassau County, Florida",1.85,1.61,,3.34,0
"Noble County, Oklahoma",1.85,1.61,,,
"McMinn County, Tennessee",1.84,1.85,,3.62,2.56
"Allegheny County, Pennsylvania",1.84,1.17,,3.26,0.72
"Henderson County, Kentucky",1.84,0.53,,3.35,0.66
"Howard County, Texas",1.84,1.04,,1.28,0
"Kauai County, Hawaii",1.84,,,,
"Tensas Parish, Louisiana",1.83,,,22.1,0
"Bulloch County, Georgia",1.83,1.87,0.27,5.78,0
"Summit County, Ohio",1.82,1.13,,4.43,0.86
"Warren County, Pennsylvania",1.81,,,,
"Anderson County, Tennessee",1.8,1.08,,2.02,0.53
"Salem County, New Jersey",1.8,2.22,,3.54,0
"Kent County, Delaware",1.79,2,,5.83,0
"Lamar County, Texas",1.78,1.87,,4.86,0.58
"Ingham County, Michigan",1.78,1.23,,3.47,0
"Massac County, Illinois",1.78,2.35,,1.4,0
"Marion County, Illinois",1.77,0.33,,2.22,1.24
"Rutherford County, Tennessee",1.77,0.65,0.32,4.01,0.39
"Dawson County, Texas",1.77,0.27,,1.51,0.35
"Humphreys County, Tennessee",1.77,1.46,,0.9,0
"Matagorda County, Texas",1.77,2.89,,4.93,0
"Buncombe County, North Carolina",1.76,0.85,,4.77,2.29
"Levy County, Florida",1.76,3.06,,3.17,0
"Macon County, Tennessee",1.75,0.56,,,
"Oregon County, Missouri",1.74,,,,
"Potter County, Texas",1.73,1.59,0.02,3.79,0.56
"New Castle County, Delaware",1.73,1.34,,6.26,0.06
"Prince William County, Virginia",1.73,1.72,,4.48,0
"Brazos County, Texas",1.73,0.86,0.03,4.47,0
"Hunt County, Texas",1.71,1.93,,3.55,3.15
"Hudson County, New Jersey",1.71,1.94,,3.84,0.73
"Solano County, California",1.71,0.62,,3.9,0.72
"Concordia Parish, Louisiana",1.71,1.37,,14.98,0
"Posey County, Indiana",1.71,0.94,,,
"Stark County, Ohio",1.7,1.42,,2.43,0.83
"Atlantic County, New Jersey",1.7,2.3,,4.43,0.34
"Franklin County, Georgia",1.69,1.64,,3.59,4.66
"Sumter County, Florida",1.69,1.03,0.23,4.77,0.91
"Gaines County, Texas",1.69,,,,
"Newton County, Georgia",1.68,1.23,,13.86,1.93
"Lorain County, Ohio",1.68,0.77,0.13,2.86,0.16
"Lyon County, Kansas",1.68,0.73,,0.58,0
"Okmulgee County, Oklahoma",1.67,1.77,,5.74,2.56
"Lea County, New Mexico",1.67,0.34,,1.1,1.01
"Brevard County, Florida",1.67,1,0.08,2.52,0.1
"Gibson County, Indiana",1.67,2.01,,0.5,0
"Jones County, Texas",1.67,0.69,,1.33,0
"Acadia Parish, Louisiana",1.66,1.62,,5.45,2.15
"Lawrence County, Pennsylvania",1.66,0.81,,1.07,0.44
"Accomack County, Virginia",1.66,2.7,,10.38,0
"Wichita County, Texas",1.66,2.25,,3.81,0
"Wayne County, Indiana",1.65,1.5,,1.4,0
"Carroll County, Virginia",1.64,,,,0.27
"St. Charles Parish, Louisiana",1.64,1.79,,8.96,0
"Randolph County, Missouri",1.63,1.97,,1.97,0
"Onondaga County, New York",1.62,1.22,,1.87,0.54
"Kent County, Michigan",1.62,1.4,,3.34,0.42
"Marion County, Ohio",1.62,0.76,,1.17,0
"Kings County, New York",1.62,1.52,,5.66,0
"Caldwell County, North Carolina",1.62,0.83,,1.62,0
"Tishomingo County, Mississippi",1.61,1.24,,1.05,0.48
"Howard County, Maryland",1.61,0.81,,3.26,0
"Lake County, Illinois",1.61,1.11,,2.13,0
"Allen County, Kansas",1.61,1.37,,,
"Yell County, Arkansas",1.61,1.13,,,
"Chester County, Tennessee",1.6,4.95,,2.82,7.02
"Jackson County, Kentucky",1.59,,,,
"Macon County, Missouri",1.58,0.79,,,
"Sacramento County, California",1.57,0.89,,2.61,0.09
"Oakland County, Michigan",1.57,1.4,,2.51,0
"Clay County, West Virginia",1.57,6.57,,,
"Carlisle County, Kentucky",1.57,3.55,,,
"Harvey County, Kansas",1.56,0.36,,0.59,0
"Branch County, Michigan",1.56,,,0.5,0
"Wilson County, Tennessee",1.55,1.47,0.2,1.78,2.46
"Davidson County, North Carolina",1.55,1.17,,4.86,1.55
"Champaign County, Ohio",1.55,1.07,,0.76,0
"Virginia Beach city, Virginia",1.55,0.94,,5.45,0
"Harford County, Maryland",1.55,0.66,,2.39,0
"Holmes County, Florida",1.55,2.3,,1.24,0
"St. Tammany Parish, Louisiana",1.54,1.18,,4.15,0.19
"San Bernardino County, California",1.54,0.74,0,2.32,0.12
"Vigo County, Indiana",1.54,0.89,,1.8,0.03
"Van Zandt County, Texas",1.53,1.36,,1.27,5.77
"Bourbon County, Kansas",1.53,2.46,,,
"Pickett County, Tennessee",1.52,3.49,,,
"Monroe County, New York",1.51,1.27,,2.63,0.88
"Brazoria County, Texas",1.51,0.46,,3.57,0.04
"Highlands County, Florida",1.51,1.61,,2.44,0
"Saline County, Missouri",1.51,2.34,,1.5,0
"McLean County, Illinois",1.51,0.52,,1.3,0
"Johnston County, North Carolina",1.5,1.21,,5.59,0.34
"Newton County, Mississippi",1.5,3.17,0.17,12.41,0
"Douglas County, Kansas",1.5,0.27,,1.29,0
"Wayne County, Georgia",1.49,1.44,,7.32,0
"Dawson County, Georgia",1.49,,,,
"Graham County, North Carolina",1.49,,,,
"Laurel County, Kentucky",1.49,0.49,,,
"Yadkin County, North Carolina",1.48,1.74,,3.79,2.43
"Washington County, Tennessee",1.48,0.6,,2.16,1.29
"Cowley County, Kansas",1.48,1.44,,0.78,0
"Jackson County, Illinois",1.48,2.07,,2.44,0
"New York County, New York",1.47,0.78,,9.54,5.8
"Sussex County, Delaware",1.47,1.48,,5.21,0.12
"Nottoway County, Virginia",1.46,1.5,,18.96,1.97
"Coffee County, Tennessee",1.46,0.56,0.1,0.88,0
"Stanly County, North Carolina",1.45,1.58,,8.19,5.06
"Dickson County, Tennessee",1.45,0.87,,2.63,0
"Greene County, Ohio",1.45,0.85,,2.38,0
"DeKalb County, Tennessee",1.45,,0.14,,
"New Haven County, Connecticut",1.44,0.75,,3.37,1.07
"Benton County, Tennessee",1.44,1.79,,,0.7
"Harrison County, West Virginia",1.44,0.28,,0.42,0.17
"Independence County, Arkansas",1.44,0.84,,0.59,0
"Amherst County, Virginia",1.44,,,7.42,0
"Geary County, Kansas",1.44,2.35,,6.74,0
"McClain County, Oklahoma",1.44,0.37,,,
"Ashtabula County, Ohio",1.43,1.08,,0.88,0
"Huron County, Michigan",1.43,,,,
"Polk County, Missouri",1.43,,,,
"Cheatham County, Tennessee",1.42,0.53,,0.78,0
"Carroll County, Georgia",1.42,0.78,,6.3,0
"Simpson County, Kentucky",1.42,1.07,,3.33,0
"Jefferson County, Oklahoma",1.42,,,,
"Contra Costa County, California",1.41,0.99,,2.49,0.64
"Lubbock County, Texas",1.41,0.69,,3.21,0.15
"Barrow County, Georgia",1.4,0.99,,5.44,1.02
"Indian River County, Florida",1.4,1.13,0,2.09,0
"Scott County, Iowa",1.4,1.25,,1.79,0
"Yancey County, North Carolina",1.39,0.66,,1.34,1.39
"Pottawatomie County, Oklahoma",1.39,0.47,,0.86,0.17
"Lafayette County, Missouri",1.39,2.28,,0.95,0
"Boone County, Arkansas",1.39,,,,
"Fairfield County, Connecticut",1.38,0.45,,2.56,0.46
"Hardin County, Texas",1.38,1.12,,3.59,0
"Victoria County, Texas",1.38,1.75,0.01,2.85,0
"Newton County, Arkansas",1.38,,,,
"McLean County, Kentucky",1.38,,,,
"Alleghany County, North Carolina",1.38,,,,
"Avery County, North Carolina",1.38,0.97,,,
"Blount County, Tennessee",1.37,0.72,0.03,3.46,2.74
"Queen Anne's County, Maryland",1.37,1.68,,3.1,0
"Lavaca County, Texas",1.37,3.09,,2.32,0
"Hancock County, Mississippi",1.36,0.48,,3.35,0
"Lake County, Florida",1.36,1.47,0,2.3,0
"Choctaw County, Oklahoma",1.35,0.82,,3.91,0.23
"Polk County, Iowa",1.34,1.22,,1.58,0.09
"Otero County, New Mexico",1.34,0.73,,1.22,0
"Pawnee County, Oklahoma",1.34,,,,
"Cole County, Missouri",1.33,1.13,,2.32,0.32
"Sequoyah County, Oklahoma",1.33,0.44,,0.9,0
"Cambria County, Pennsylvania",1.33,1.44,,0.54,0
"Baldwin County, Alabama",1.32,1.72,,7.94,3.33
"Hardin County, Kentucky",1.32,0.42,,3.51,0
"Emmet County, Michigan",1.32,,,,
"Vanderburgh County, Indiana",1.31,3.1,,2.69,0.23
"Leavenworth County, Kansas",1.31,0.76,,3.73,0
"Riverside County, California",1.3,0.88,,1.51,0.12
"Caldwell County, Texas",1.3,1.68,,3.66,0
"Fayette County, West Virginia",1.3,0.5,,1.9,0
"Crawford County, Missouri",1.3,,,,
"McDowell County, North Carolina",1.29,0.93,,2.25,1.16
"Red River County, Texas",1.29,,,6.38,1.09
"Pope County, Arkansas",1.29,0.59,,0.76,0.79
"Chester County, Pennsylvania",1.29,0.86,,1.7,0.19
"Watauga County, North Carolina",1.29,,,0.58,0
"Douglas County, Georgia",1.29,0.56,,3.78,0
"Jackson County, Oklahoma",1.29,,,3.02,0
"Boone County, Missouri",1.29,0.44,,2.42,0
"Madison County, Indiana",1.28,0.38,,2.8,1.78
"Scott County, Missouri",1.28,0.9,,2.45,0
"Antrim County, Michigan",1.28,,,,
"Palo Pinto County, Texas",1.27,0.66,,1.06,1.01
"Bergen County, New Jersey",1.27,0.69,,2.12,0.97
"Nassau County, New York",1.27,0.98,,2.34,0.62
"Calloway County, Kentucky",1.27,0.78,,0.9,0
"Prince Edward County, Virginia",1.27,1.23,,14.76,0
"Monmouth County, New Jersey",1.26,1.03,0.01,3.44,1.53
"Butler County, Ohio",1.26,0.71,,1.54,0.23
"Orleans County, New York",1.26,0.84,,1.57,0.22
"Crawford County, Arkansas",1.26,,,,
"Clinton County, Michigan",1.26,,,,
"Waynesboro city, Virginia",1.26,0.88,,,
"Camden County, New Jersey",1.25,1.35,,4.31,0.39
"Cochise County, Arizona",1.25,0.66,,1.15,0
"Covington County, Alabama",1.25,1.79,,4.78,0
"Lawrence County, Tennessee",1.25,,,,
"Walker County, Georgia",1.24,0.69,,2.2,0.67
"Smith County, Mississippi",1.24,1.13,,6.72,0.34
"Montezuma County, Colorado",1.24,,,,
"Cannon County, Tennessee",1.24,,,,
"Pendleton County, West Virginia",1.24,1.52,,,
"Wayne County, Illinois",1.24,1.09,,,
"Dutchess County, New York",1.23,0.97,,2.38,0.72
"Marion County, Missouri",1.23,0.43,,1.23,0
"Rains County, Texas",1.23,,,,
"Manatee County, Florida",1.22,0.78,0.1,2.35,0.32
"Saline County, Illinois",1.22,1.28,,0.85,0.05
"Scioto County, Ohio",1.22,0.28,,0.85,0
"Ventura County, California",1.22,0.24,,0.64,0
"St. Lucie County, Florida",1.22,1.02,0,5.18,0
"Sevier County, Tennessee",1.22,,,,
"Pawnee County, Kansas",1.22,1.71,,,
"Bleckley County, Georgia",1.21,3.67,,8.15,0
"Lamar County, Mississippi",1.21,,,3.83,0
"Williamson County, Tennessee",1.21,0.18,1.18,2.64,0
"Stokes County, North Carolina",1.21,0.38,0.2,2.03,0
"Butler County, Kentucky",1.21,,,,
"Monroe County, West Virginia",1.21,,,,
"Warren County, Illinois",1.2,1.02,,,
"Burlington County, New Jersey",1.19,1.63,0.07,3.58,0.2
"St. Johns County, Florida",1.19,0.68,0.03,2.72,0.15
"Polk County, Arkansas",1.18,,,,5
"Cayuga County, New York",1.18,0.15,,1.03,0.42
"Creek County, Oklahoma",1.18,0.85,,1.22,0.12
"Randolph County, Georgia",1.18,15.65,,34.92,0
"West Feliciana Parish, Louisiana",1.18,0.74,,20.43,0
"Wayne County, Missouri",1.18,,,,
"Meigs County, Tennessee",1.18,,,,
"Eddy County, New Mexico",1.17,1.05,,0.39,0.57
"Lamb County, Texas",1.17,,,1.86,0
"Ramsey County, Minnesota",1.17,0.99,,1.55,0
"Gordon County, Georgia",1.17,0.23,,1.51,0
"Wayne County, Kentucky",1.17,1.16,,,
"Cooke County, Texas",1.16,0.81,,1.29,1.31
"York County, Virginia",1.16,,,4.82,0
"Orange County, Virginia",1.16,0.72,,4.27,0
"Bastrop County, Texas",1.16,1.78,1.65,4.07,0
"Hanover County, Virginia",1.16,1.14,,3.81,0
"Putnam County, Ohio",1.16,,,,
"Vermilion County, Illinois",1.15,1.57,,2.21,0.73
"Erath County, Texas",1.15,0.32,,,0.51
"Mason County, Illinois",1.15,,,,
"Crawford County, Kansas",1.15,,,,
"Monroe County, Tennessee",1.14,0.27,,4.14,0.78
"Hale County, Texas",1.14,,,1.91,0.38
"Garfield County, Oklahoma",1.14,1.28,,1.36,0
"Blaine County, Oklahoma",1.14,,,,
"Geneva County, Alabama",1.13,4.32,,4.24,0
"Clinton County, Missouri",1.13,0.3,,,
"Tuscola County, Michigan",1.13,,,,
"Lincoln County, North Carolina",1.12,1.28,,5.35,2.78
"Barren County, Kentucky",1.12,0.73,,1.5,0.7
"Cherokee County, Georgia",1.12,1.13,,0.79,0
"Wakulla County, Florida",1.12,2.16,2.35,3.37,0
"Kemper County, Mississippi",1.11,,1.59,24.42,0
"Madison County, Texas",1.11,1.32,,7.39,0
"Sumner County, Tennessee",1.1,1.22,,1.61,0.46
"Effingham County, Georgia",1.1,1.62,,6.05,0
"Bay County, Florida",1.1,1.59,0.04,3.47,0
"Multnomah County, Oregon",1.09,0.49,,1.23,0.28
"Tillman County, Oklahoma",1.09,1.54,,3.08,0
"Converse County, Wyoming",1.09,,,,
"Larue County, Kentucky",1.08,0.86,,,2.58
"Anchorage Municipality, Alaska",1.08,0.39,,1.81,0.39
"Bacon County, Georgia",1.08,2.14,,5.42,0
"Cherokee County, Alabama",1.08,,,2.32,0
"Bond County, Illinois",1.08,,,,
"Craig County, Oklahoma",1.08,2.01,,,
"Trigg County, Kentucky",1.07,1.26,,3.43,1.51
"Spalding County, Georgia",1.07,2.48,,8.66,0.81
"Logan County, West Virginia",1.07,0.96,,0.97,0
"Dunklin County, Missouri",1.07,0.97,,2.13,0
"New London County, Connecticut",1.06,0.95,,2.32,1.2
"Morgan County, Illinois",1.06,0.84,,1.02,0
"Mercer County, Ohio",1.06,,,,
"Clay County, Kentucky",1.06,0.55,,,
"Dillon County, South Carolina",1.05,8.25,,14.69,0
"San Saba County, Texas",1.05,,,,
"Kern County, California",1.04,0.48,,1.59,0.08
"Lincoln County, Kentucky",1.04,1.5,,0.93,0
"Jessamine County, Kentucky",1.04,1.29,,1.25,0
"Livingston County, Missouri",1.04,0.79,,,
"Curry County, New Mexico",1.03,0.67,,1.58,0.25
"Gallia County, Ohio",1.03,0,,0.78,0
"Gonzales County, Texas",1.03,1.93,,3.37,0
"LaSalle Parish, Louisiana",1.03,2.47,,2.55,0
"Douglas County, Oregon",1.03,,,,
"Hennepin County, Minnesota",1.02,0.94,,1.9,0.05
"East Carroll Parish, Louisiana",1.02,22.95,,28.17,0
"Nelson County, Kentucky",1.01,1.3,,4.04,2.26
"Delaware County, Pennsylvania",1.01,1,,2.79,0.61
"Webster County, Mississippi",1.01,3.02,,6.68,0
"McIntosh County, Oklahoma",1.01,0.59,,1.54,0
"Cleburne County, Alabama",1,1.22,,1.66,0
"Seward County, Kansas",1,0.88,,1.66,0
"Lincoln County, Oklahoma",0.99,0.9,,0.85,0.23
"Martin County, Florida",0.99,0.82,0,1.79,0.07
"Macomb County, Michigan",0.99,0.32,,0.57,0.06
"Highland County, Ohio",0.99,0.86,,0.54,0
"Henry County, Georgia",0.99,0.38,,4.29,0
"Alleghany County, Virginia",0.99,0.51,,1.95,0
"Franklin County, Illinois",0.99,0.38,,,
"Love County, Oklahoma",0.99,,,,
"Erie County, Pennsylvania",0.98,0.86,,1.45,0.19
"San Joaquin County, California",0.98,0.47,,1.61,0.16
"Knox County, Illinois",0.98,0.8,,1.23,0
"Hardin County, Ohio",0.98,0.19,,,
"Marshall County, Indiana",0.98,,,,
"Uinta County, Wyoming",0.98,,,,
"Manassas city, Virginia",0.98,4.09,,,
"Ulster County, New York",0.97,0.58,,1.91,1.16
"Seminole County, Oklahoma",0.97,1.47,,2.81,0.96
"Rockland County, New York",0.97,0.85,,2.88,0.86
"Hutchinson County, Texas",0.97,,,0.91,0
"Woodbury County, Iowa",0.97,0.12,,0.65,0
"Scott County, Kentucky",0.97,0.81,,2.43,0
"Metcalfe County, Kentucky",0.97,,,,
"Sebastian County, Arkansas",0.96,0.44,,2.16,1.58
"Tom Green County, Texas",0.96,0.77,,1.76,0.17
"Fresno County, California",0.96,0.45,,1.44,0.1
"Mercer County, Pennsylvania",0.96,0.98,,1.15,0.02
"Assumption Parish, Louisiana",0.96,2.62,,13.42,0
"Pulaski County, Missouri",0.96,0.34,,3.8,0
"Pontotoc County, Mississippi",0.95,1.14,,4.43,3.28
"Chaves County, New Mexico",0.95,0.68,,0.47,0.08
"Anne Arundel County, Maryland",0.95,1.04,,3.27,0.05
"Fayette County, Texas",0.95,1.32,,2.69,0
"Van Buren County, Michigan",0.95,0.65,,1.99,0
"Hamilton County, Illinois",0.95,,,,
"Bollinger County, Missouri",0.95,,,,
"Greenup County, Kentucky",0.95,1.31,,,
"Carter County, Kentucky",0.95,0.66,,,
"Hardin County, Tennessee",0.94,2.23,,1.67,4.09
"Suffolk County, Massachusetts",0.94,0.58,,6.2,1.07
"Jackson County, Michigan",0.94,1.12,,2.84,0
"Ripley County, Missouri",0.94,1.29,,,
"Harrison County, Kentucky",0.94,1.23,,,
"Ohio County, Kentucky",0.93,,,,
"Perry County, Illinois",0.92,0.8,,1.1,1.08
"Middlesex County, New Jersey",0.92,0.73,0.01,1.97,0.12
"Bradley County, Tennessee",0.92,0.43,,0.82,0
"Atchison County, Kansas",0.92,0.73,,1.5,0
"Whitfield County, Georgia",0.92,1,,1.29,0
"Spencer County, Kentucky",0.92,0.73,,,
"Columbiana County, Ohio",0.91,0.89,,0.49,0.13
"Seneca County, Ohio",0.91,1.02,,0.56,0
"Coryell County, Texas",0.91,0.39,,8.87,0
"Cleburne County, Arkansas",0.91,,,,
"Madison County, Arkansas",0.91,,,,
"Bronx County, New York",0.9,0.89,,6.96,1.5
"Buckingham County, Virginia",0.9,,,17.08,0
"Cape May County, New Jersey",0.9,0.74,,1.32,0
"Ford County, Kansas",0.9,,,,
"Grady County, Oklahoma",0.89,0.3,,1.16,0
"Charles County, Maryland",0.89,1.02,,5.22,0
"Benton County, Arkansas",0.89,,,,
"Piscataquis County, Maine",0.89,,,,
"Bennett County, South Dakota",0.89,,,,
"Greenbrier County, West Virginia",0.88,0.94,,1.1,0
"Laramie County, Wyoming",0.88,0.16,,0.83,0
"Marshall County, Alabama",0.88,0.4,0.12,0.56,0
"Jasper County, Missouri",0.88,0.43,,0.42,0
"Tama County, Iowa",0.88,,,,
"Lyon County, Kentucky",0.88,,,,
"Henrico County, Virginia",0.87,0.12,,11.49,0.85
"Hampden County, Massachusetts",0.87,0.54,,1.88,0.14
"Bexar County, Texas",0.87,0.52,,3.05,0.05
"Kerr County, Texas",0.87,0.83,,0.72,0
"Putnam County, Tennessee",0.87,0.25,,0.51,0
"Nueces County, Texas",0.87,0.4,,1.88,0
"Mercer County, Kentucky",0.87,0.85,,1.26,0
"Clark County, Wisconsin",0.87,,,,
"Le Flore County, Oklahoma",0.86,0.37,,0.74,0.14
"Columbia County, Georgia",0.86,0.94,,4.71,0
"El Paso County, Colorado",0.86,0.43,,1.97,0
"Magoffin County, Kentucky",0.86,,,,
"Mitchell County, Texas",0.85,,,,1.65
"Santa Barbara County, California",0.85,0.47,,0.74,0.04
"Nelson County, Virginia",0.85,1.96,,6.05,0
"Franklin County, Virginia",0.85,0.21,,3.39,0
"Callaway County, Missouri",0.85,0.68,,1.3,0
"Campbell County, Wyoming",0.85,0.03,,,
"Perry County, Ohio",0.85,,,,
"Eastland County, Texas",0.85,,,,
"Adams County, Illinois",0.84,0.73,,0.64,0
"Ascension Parish, Louisiana",0.84,0.98,,8.43,0
"Okeechobee County, Florida",0.84,2.37,,1.69,0
"Cape Girardeau County, Missouri",0.84,0.7,,1.28,0
"Jefferson County, Indiana",0.84,0.56,,,
"Claiborne County, Mississippi",0.83,10.16,,38.46,2.39
"Middlesex County, Connecticut",0.83,0.59,,2.4,1.49
"Roanoke County, Virginia",0.83,0.12,,5.06,0.22
"Knox County, Kentucky",0.83,0.39,,,
"Bosque County, Texas",0.83,,,,
"Washington County, Pennsylvania",0.82,0.64,,0.85,0.07
"Wise County, Virginia",0.81,0.29,,2.16,1.5
"Rensselaer County, New York",0.81,0.55,,1.16,0.49
"Niagara County, New York",0.81,0.88,,1.43,0.29
"Bee County, Texas",0.81,0.94,,1.02,0
"Beaverhead County, Montana",0.81,,,,
"King County, Washington",0.8,0.36,,1.35,0.1
"Sandusky County, Ohio",0.8,0.44,,0.71,0
"Walla Walla County, Washington",0.8,0.12,,0.32,0
"Will County, Illinois",0.8,1.1,,3.44,0
"Fayette County, Georgia",0.8,0.69,,2.27,0
"Bethel Census Area, Alaska",0.8,,,,
"Crawford County, Illinois",0.8,,,,
"Tazewell County, Illinois",0.8,,,,
"Winchester city, Virginia",0.8,2.78,,,
"Brown County, Kansas",0.8,1.24,,,
"Sumner County, Kansas",0.8,0.77,,,
"Merced County, California",0.79,0.42,,1.49,0.1
"Haywood County, North Carolina",0.79,0.22,,0.72,0
"Hamilton County, Indiana",0.79,0.09,,0.21,0
"Johnson County, Missouri",0.79,0.64,,1.54,0
"Franklin County, Indiana",0.79,,,,
"Cherokee County, North Carolina",0.79,,,,
"Carter County, Tennessee",0.78,0.21,,0.68,0.69
"Grimes County, Texas",0.78,,,8.24,0.24
"Miami County, Indiana",0.78,0.49,,0.83,0
"St. Mary's County, Maryland",0.77,0.36,,3.13,0
"Sullivan County, Tennessee",0.76,0.51,,1.69,1.21
"Schenectady County, New York",0.76,0.72,,1.29,0.43
"Hall County, Georgia",0.76,1.11,,2.76,0.2
"Livingston Parish, Louisiana",0.76,0.38,,2.04,0
"Wapello County, Iowa",0.76,0.34,,,
"Iowa County, Wisconsin",0.76,,,,
"Charlotte County, Florida",0.75,0.11,0.12,0.91,0
"Okaloosa County, Florida",0.75,0.91,,2.93,0
"Rockbridge County, Virginia",0.75,,,1.24,0
"Snyder County, Pennsylvania",0.75,,,,
"Pike County, Ohio",0.75,0.64,,,
"Taylor County, Texas",0.74,0.42,,2.66,0.62
"Franklin County, Pennsylvania",0.74,0.59,,0.7,0.27
"Sarasota County, Florida",0.74,0.5,0.1,1.27,0.21
"Cullman County, Alabama",0.74,,,0.3,0
"LaGrange County, Indiana",0.74,,,,
"Izard County, Arkansas",0.74,1.28,,,
"Nemaha County, Kansas",0.74,1.23,,,
"Franklin County, Missouri",0.73,0.49,,0.32,0
"Goochland County, Virginia",0.73,,,7.78,0
"Clark County, Indiana",0.73,0.6,,1.76,0
"Frederick County, Maryland",0.73,0.4,,1.49,0
"Randolph County, North Carolina",0.72,0.57,,3.16,1.12
"Suffolk County, New York",0.72,0.56,,1.84,0.59
"Logan County, Illinois",0.72,0.58,,1.03,0
"Randolph County, West Virginia",0.72,0.4,,,
"La Paz County, Arizona",0.72,0.85,,,
"Fayette County, Pennsylvania",0.71,0.68,,1.18,0.32
"Burleson County, Texas",0.71,1.06,,5.89,0
"Madison County, North Carolina",0.71,,,,
"Washington County, Virginia",0.7,0.35,,1.9,0.87
"DeKalb County, Illinois",0.7,0.17,,0.64,0
"Oconee County, South Carolina",0.7,0.48,,2.66,0
"Lumpkin County, Georgia",0.7,0.6,,,
"Stephens County, Oklahoma",0.69,0.36,,0.69,0.25
"Kay County, Oklahoma",0.69,0.4,,0.55,0.17
"Rhea County, Tennessee",0.69,1.16,,0.62,0
"Scott County, Tennessee",0.69,0.98,,,
"Passaic County, New Jersey",0.68,0.72,,4.11,0.64
"Guernsey County, Ohio",0.68,0.76,,0.44,0.51
"Kenton County, Kentucky",0.68,0.37,,1.42,0.14
"Pierce County, Washington",0.68,0.61,,1.97,0.05
"Huntingdon County, Pennsylvania",0.68,0.64,,0.86,0
"Monroe County, Indiana",0.68,0.2,,0.81,0
"Monroe County, Michigan",0.68,0.32,,0.64,0
"Madison County, Ohio",0.68,0.06,,2.51,0
"Santa Rosa County, Florida",0.67,0.28,0.29,1.61,2.01
"Buchanan County, Missouri",0.67,0.47,,1.05,0
"Pueblo County, Colorado",0.67,0.39,,0.49,0
"Kane County, Illinois",0.67,0.71,,1.93,0
"Montgomery County, Missouri",0.67,,,,
"Mingo County, West Virginia",0.66,1.35,,0.78,0
"Wayne County, New York",0.66,0,,0.66,0
"Blount County, Alabama",0.66,0.1,,0.6,0
"Jackson County, Georgia",0.66,1.33,,3.96,0
"Marshall County, West Virginia",0.66,0.36,,,
"Hillsdale County, Michigan",0.66,,,,
"Douglas County, Missouri",0.66,,,,
"Collin County, Texas",0.65,0.13,,1.76,0.43
"Coleman County, Texas",0.65,,,,
"Kleberg County, Texas",0.64,1.17,,1.14,0
"Des Moines County, Iowa",0.64,0.39,,0.84,0
"Pickens County, South Carolina",0.64,0.4,,2.76,0
"Gloucester County, New Jersey",0.64,4.2,0.07,2.13,0
"Grainger County, Tennessee",0.64,,,0.04,
"Mayes County, Oklahoma",0.64,,,,
"Terry County, Texas",0.64,,,,
"Washington County, Kentucky",0.63,0.62,,7.23,4.44
"DeKalb County, Alabama",0.63,,,0.81,0.12
"Portage County, Ohio",0.63,0.44,,0.92,0
"Glades County, Florida",0.63,2.27,,3.06,0
"Montague County, Texas",0.63,,,,
"Pickens County, Georgia",0.63,1.24,,,
"Lee County, Florida",0.62,0.31,,2.02,0.29
"Oneida County, New York",0.62,0.21,,1.39,0.27
"Pima County, Arizona",0.62,0.43,,0.83,0.05
"Marion County, Tennessee",0.62,0.11,0.27,1.29,0
"Rock County, Wisconsin",0.61,0.59,,1.6,0.53
"Chesterfield County, Virginia",0.61,0.08,,5.19,0.11
"Bernalillo County, New Mexico",0.61,0.25,,0.74,0.04
"Daviess County, Indiana",0.61,0.41,,,
"Union County, Georgia",0.61,,,,
"Uvalde County, Texas",0.61,,,,
"Allen County, Kentucky",0.61,0.62,,,
"Williamson County, Illinois",0.6,0.36,,0.48,0
"Crawford County, Pennsylvania",0.6,0.2,,0.24,0
"Newaygo County, Michigan",0.6,,,,
"Brown County, Ohio",0.59,0.55,,,0.52
"Johnson County, Texas",0.59,0.55,,1.1,0.46
"Ector County, Texas",0.59,0.57,,2.06,0.17
"Colorado County, Texas",0.59,2.02,,5.6,0
"Scurry County, Texas",0.59,1.11,,1.58,0
"Christian County, Illinois",0.59,0.52,,,
"Greene County, New York",0.58,0.47,,0.97,0.86
"Powell County, Kentucky",0.58,,,,0.43
"Shelby County, Kentucky",0.58,0.47,,3.71,0
"Johnson County, Arkansas",0.58,,,,
"Big Horn County, Montana",0.58,,,,
"Scott County, Virginia",0.58,,,,
"Montgomery County, Kentucky",0.57,0.47,,2.01,5.7
"Wagoner County, Oklahoma",0.57,0.95,,1.62,0.72
"Pettis County, Missouri",0.57,0.64,,0.89,0
"Morris County, New Jersey",0.57,0.67,,0.7,0
"Fort Bend County, Texas",0.57,0.36,,9.24,0
"Grant Parish, Louisiana",0.57,0.93,,4.14,0
"Flagler County, Florida",0.57,0.12,,2.02,0
"Union County, Ohio",0.57,0.07,,1.25,0
"San Diego County, California",0.56,0.35,,1.76,0.14
"Fauquier County, Virginia",0.56,0.34,,3.5,0
"Cass County, Nebraska",0.56,,,,
"Charlottesville city, Virginia",0.56,1.17,,,
"Warren County, Kentucky",0.55,0.21,,2.59,0.24
"Cleveland County, Oklahoma",0.55,,,1.16,0.02
"Washington County, Maryland",0.55,0.07,,1.6,0
"Transylvania County, North Carolina",0.55,,,1.34,0
"Lycoming County, Pennsylvania",0.54,0.36,,0.92,0.35
"Dickenson County, Virginia",0.54,0.75,,0.24,0.22
"Westmoreland County, Pennsylvania",0.54,0.36,,0.54,0.09
"Logan County, Ohio",0.54,0.23,,0.53,0
"Clark County, Nevada",0.54,0.44,,2.54,0
"Jackson County, Indiana",0.54,0.87,,,
"Franklin County, Kansas",0.54,0.76,,,
"Tulare County, California",0.53,0.17,,0.48,0.05
"Custer County, Oklahoma",0.53,0.67,,1.08,0.03
"Miami County, Kansas",0.53,0.11,,0.81,0
"Madison County, Georgia",0.53,0.65,,3.6,0
"Alexander County, North Carolina",0.53,0.33,,2.76,0
"Paulding County, Georgia",0.53,0.78,,1.68,0
"Montgomery County, Indiana",0.53,0.32,,,
"Stoddard County, Missouri",0.53,0.6,,,
"Yoakum County, Texas",0.52,,,,9.83
"Rockdale County, Georgia",0.52,0.59,,5.26,0.76
"Marion County, Alabama",0.52,1.19,,1.17,0
"Hancock County, West Virginia",0.52,0.38,,0.93,0
"Clay County, Arkansas",0.52,,,,
"Morrow County, Ohio",0.52,,,,
"Harrison County, Ohio",0.52,1.13,,,
"Fulton County, Pennsylvania",0.52,0.82,,,
"Winston County, Alabama",0.51,,,,0.18
"Warren County, Ohio",0.51,0.09,,0.73,0
"Santa Cruz County, California",0.51,0.09,,0.3,0
"Riley County, Kansas",0.51,0.42,,2.65,0
"Mason County, Kentucky",0.51,1.06,,2.27,0
"Langlade County, Wisconsin",0.51,0.3,,,
"Campbell County, Virginia",0.5,0.78,,6.32,0.43
"Labette County, Kansas",0.5,0.57,,1.15,0
"Pittsburg County, Oklahoma",0.5,1.58,,1.12,0
"Calhoun County, Texas",0.5,,,0.99,0
"Linn County, Iowa",0.5,0.2,,0.65,0
"Citrus County, Florida",0.5,0.31,,0.57,0
"Allegany County, Maryland",0.5,0.38,,0.54,0
"Jefferson County, Tennessee",0.5,0.98,,1.43,0
"Rockwall County, Texas",0.5,0.43,,1.43,0
"Kingfisher County, Oklahoma",0.5,,,,
"Madison County, Kentucky",0.49,0.22,0.17,1.51,0.54
"Chautauqua County, New York",0.49,0.09,,0.79,0.43
"Hernando County, Florida",0.49,0.17,,1.16,0
"Warren County, Tennessee",0.49,0.46,,1.07,0
"Kitsap County, Washington",0.49,0.03,,0.74,0
"Reno County, Kansas",0.49,0.96,,0.74,0
"Putnam County, Indiana",0.49,,,0.71,0
"Montgomery County, Pennsylvania",0.49,0.4,,1.37,0
"White County, Georgia",0.49,,,,
"Clare County, Michigan",0.49,,,,
"Crook County, Oregon",0.49,0.86,,,
"Monterey County, California",0.48,0.29,,1.77,0.42
"Butte County, California",0.48,0.22,,0.34,0.11
"Bay County, Michigan",0.48,0.33,,0.39,0
"St. Martin Parish, Louisiana",0.48,0.48,,8.85,0
"Ross County, Ohio",0.48,0.37,,1.76,0
"Crawford County, Ohio",0.48,0.28,,,
"Wabash County, Indiana",0.48,0.22,,,
"Sullivan County, Indiana",0.48,0.83,,,
"York County, Pennsylvania",0.47,0.31,,1.25,0.52
"Henderson County, North Carolina",0.47,0.5,,1.03,0
"Ontario County, New York",0.47,0.17,,0.37,0
"Lafourche Parish, Louisiana",0.47,0.55,,4.52,0
"Payette County, Idaho",0.47,,,,
"Lawrence County, Kentucky",0.47,,,,
"Stanislaus County, California",0.46,0.26,,0.55,0.14
"Ocean County, New Jersey",0.46,0.4,,0.73,0.08
"Jackson County, North Carolina",0.45,0.29,,0.68,0.86
"Tyler County, Texas",0.45,1.63,,3.84,0.34
"San Mateo County, California",0.45,0.28,,1.59,0.25
"Mineral County, West Virginia",0.45,0.63,,1.03,0
"Miami County, Ohio",0.45,0.26,,0.65,0
"Weber County, Utah",0.45,0.38,,0.45,0
"Geauga County, Ohio",0.45,0.2,,0.45,0
"Valencia County, New Mexico",0.45,,,0.25,0
"Montgomery County, Virginia",0.45,0.06,,1.19,0
"Bureau County, Illinois",0.45,,,,
"Barry County, Missouri",0.45,,,,
"El Paso County, Texas",0.44,0.21,,1.64,0.04
"Union County, Illinois",0.44,,,,
"Madera County, California",0.43,0.45,,0.8,0.21
"Webster County, Iowa",0.43,0.35,,0.59,0
"Jefferson County, Missouri",0.43,0.23,,0.24,0
"Pike County, Missouri",0.43,1.63,,1.41,0
"Jasper County, Illinois",0.43,,,,
"Berrien County, Georgia",0.42,2.59,,4.31,6.36
"Boyd County, Kentucky",0.42,0.24,,0.75,0.41
"Val Verde County, Texas",0.42,,,0.69,0
"Larimer County, Colorado",0.42,,,0.16,0
"Prince George County, Virginia",0.42,,,9,0
"Meade County, Kentucky",0.42,,,3.25,0
"Williamson County, Texas",0.42,0.34,,2.14,0
"Russell County, Kentucky",0.42,,,,
"Greene County, Pennsylvania",0.42,,,,
"Loudon County, Tennessee",0.41,0.24,,2.02,2.21
"Columbia County, New York",0.41,1.23,,1.15,0.54
"Denton County, Texas",0.41,0.2,,2.09,0.36
"Macon County, North Carolina",0.41,,,0.12,
"Henry County, Indiana",0.41,0.36,,,
"Linn County, Oregon",0.41,,,,
"Fairfax city, Virginia",0.41,0.79,,,
"Burnet County, Texas",0.41,0.43,,,
"San Luis Obispo County, California",0.4,0.4,,0.55,0
"Clermont County, Ohio",0.4,0.13,,0.3,0
"Louisa County, Virginia",0.4,,,10.99,0
"Perry County, Indiana",0.4,,,,
"Marion County, Kentucky",0.39,0.82,,4.61,1.43
"Montgomery County, Maryland",0.39,0.33,,3.56,0.34
"Berkeley County, West Virginia",0.39,0.42,,1.15,0
"Pulaski County, Virginia",0.39,0.5,,1.7,0
"Pike County, Kentucky",0.39,0.28,,,
"McKinley County, New Mexico",0.39,0.18,,,
"Douglas County, Illinois",0.39,,,,
"Gladwin County, Michigan",0.39,,,,
"Luna County, New Mexico",0.39,,,,
"Orange County, New York",0.38,0.46,,2.41,1.05
"Tuscarawas County, Ohio",0.38,0.1,,0.35,0.14
"Canadian County, Oklahoma",0.38,0.22,,0.97,0.08
"DuPage County, Illinois",0.38,0.33,,0.62,0
"Lancaster County, Pennsylvania",0.38,0.42,,0.58,0
"Botetourt County, Virginia",0.38,0,,1.64,0
"Adams County, Nebraska",0.38,0.24,,,
"Chelan County, Washington",0.38,,,,
"Tazewell County, Virginia",0.37,0.12,,0.78,0.37
"McDonough County, Illinois",0.37,0.17,,0.83,0
"Yakima County, Washington",0.37,0.08,,0.29,0
"Yuba County, California",0.37,0.37,,1.21,0
"Mifflin County, Pennsylvania",0.37,0.16,,,
"Cibola County, New Mexico",0.37,,,,
"Gray County, Texas",0.36,2.48,,1.24,1.54
"Mercer County, West Virginia",0.36,0.15,,2.6,0.61
"Imperial County, California",0.36,0.38,,0.57,0.51
"Maricopa County, Arizona",0.36,0.16,,0.95,0.1
"Marion County, West Virginia",0.36,1.36,,0.96,0
"Del Norte County, California",0.36,,,0.8,0
"Midland County, Michigan",0.36,,,0.34,0
"Nez Perce County, Idaho",0.36,,,,
"Vernon County, Missouri",0.36,,,,
"Wyoming County, West Virginia",0.36,0.76,,,
"Rogers County, Oklahoma",0.36,0.43,,,
"Perry County, Kentucky",0.35,0.63,,0.54,0.47
"Muskingum County, Ohio",0.35,0.21,,1.17,0
"Fayette County, Ohio",0.35,0.13,,0.67,0
"Jefferson County, West Virginia",0.35,0.57,,2.27,0
"Pickaway County, Ohio",0.35,0.33,,2.1,0
"Augusta County, Virginia",0.35,0.1,,2.06,0
"Clay County, Florida",0.35,0.23,,1.72,0
"Ohio County, West Virginia",0.35,0.53,,1.21,0
"Harrisonburg city, Virginia",0.35,0.35,,,
"Grant County, New Mexico",0.35,,,,
"Fulton County, Ohio",0.35,,,,
"Douglas County, Washington",0.35,,,,
"Parker County, Texas",0.34,,,0.38,0.34
"Montgomery County, Texas",0.34,0.27,,1.9,0.16
"Grand Forks County, North Dakota",0.34,,,0.69,0
"Washington County, Ohio",0.34,0.29,,0.42,0
"Jefferson County, Pennsylvania",0.34,,,,
"Osceola County, Florida",0.33,0.35,,2.2,0.69
"Lawrence County, Indiana",0.33,0.4,,,
"McPherson County, Kansas",0.33,,,,
"Adams County, Colorado",0.32,0.04,,0.93,0
"Greene County, Missouri",0.32,0.23,,0.58,0
"Kings County, California",0.32,0.21,,1.87,0
"Arapahoe County, Colorado",0.32,0.19,,1.62,0
"Knox County, Ohio",0.32,0.2,,,
"Klamath County, Oregon",0.32,0.05,,,
"Grand Traverse County, Michigan",0.32,,,,
"Auglaize County, Ohio",0.32,,,,
"Pasco County, Florida",0.31,0.13,,0.58,0
"Monroe County, Pennsylvania",0.31,,,0.44,0
"Shelby County, Ohio",0.31,0.77,,0.39,0
"Cass County, Missouri",0.31,0.01,,0.37,0
"Stafford County, Virginia",0.31,0.28,,2.78,0
"Franklin County, Washington",0.3,0.26,,1.03,1.06
"Berkshire County, Massachusetts",0.3,0.18,,1.04,0.59
"Lee County, Iowa",0.3,,,0.77,0
"Berks County, Pennsylvania",0.3,0.26,,0.71,0
"Hickman County, Tennessee",0.3,1.22,,0.29,0
"Marion County, Arkansas",0.3,,,,
"Clay County, Illinois",0.3,,,,
"Barton County, Kansas",0.3,0.44,,,
"Russell County, Virginia",0.29,0.82,,1.89,1.7
"Cattaraugus County, New York",0.29,0.38,,0.15,0
"Cumberland County, Tennessee",0.29,,,,
"Lehigh County, Pennsylvania",0.28,0.24,,0.65,0.11
"Santa Clara County, California",0.28,0.14,,1.01,0.05
"Matanuska-Susitna Borough, Alaska",0.28,0.22,,0.08,
"Knox County, Indiana",0.28,,,,
"Scotts Bluff County, Nebraska",0.28,,,,
"Daviess County, Kentucky",0.27,0.24,,1.69,0.1
"Henderson County, Tennessee",0.27,0.53,,0.53,0
"Montcalm County, Michigan",0.27,,,0.53,0
"Cascade County, Montana",0.27,0.09,,0.37,0
"Pulaski County, Kentucky",0.27,0.43,,0.37,0
"Siskiyou County, California",0.27,0.4,,0.35,0
"Sarpy County, Nebraska",0.27,,,1.85,0
"Kenosha County, Wisconsin",0.27,0.12,,1.39,0
"Coshocton County, Ohio",0.27,0.13,,,
"Carroll County, Arkansas",0.27,,,,
"Butler County, Kansas",0.27,,,,
"Albany County, Wyoming",0.27,,,,
"Windham County, Connecticut",0.26,0.15,,0.34,0.1
"Gloucester County, Virginia",0.26,0.32,,4.3,0
"Brown County, Texas",0.26,0.1,,1.51,0
"Defiance County, Ohio",0.26,,,,
"Polk County, Oregon",0.26,,,,
"Sullivan County, New York",0.25,,,2,0.63
"Wood County, Ohio",0.25,0.38,,0.35,0
"Grant County, Washington",0.25,0.06,,0.25,0
"Essex County, Virginia",0.25,,,15.82,0
"Lincoln County, Montana",0.25,,,,
"Tompkins County, New York",0.24,0.06,,1.27,0.8
"Jefferson Davis Parish, Louisiana",0.24,1.4,,5.62,0.35
"Blair County, Pennsylvania",0.24,0.15,,0.4,0.19
"Newport County, Rhode Island",0.24,0.14,,0.74,0
"Sandoval County, New Mexico",0.24,0.14,,0.35,0
"Hendricks County, Indiana",0.24,0.22,,0.3,0
"Indiana County, Pennsylvania",0.23,0.26,,0.73,0.47
"Lake County, Ohio",0.23,0.24,,0.69,0.23
"Marquette County, Michigan",0.23,,,0.48,0
"Calvert County, Maryland",0.23,,,4.45,0
"Bedford County, Virginia",0.23,,,2.86,0
"Apache County, Arizona",0.23,,,,
"Polk County, Tennessee",0.23,,,,
"Sauk County, Wisconsin",0.23,,,,
"Cumberland County, Maine",0.22,0.1,,0.26,0.12
"Lee County, Illinois",0.22,0.33,,0.89,0
"Honolulu County, Hawaii",0.22,,,0.82,0
"Clinton County, Iowa",0.22,0.25,,0.39,0
"Vermilion Parish, Louisiana",0.22,0.33,,4.11,0
"White County, Illinois",0.22,,,,
"Bullitt County, Kentucky",0.22,,,,
"Bryan County, Oklahoma",0.22,,,,
"Greene County, Tennessee",0.21,0.14,,1.82,1
"Thurston County, Washington",0.21,,,0.48,0
"Coles County, Illinois",0.21,0.54,,0.43,0
"Marion County, Oregon",0.2,0.06,,0.3,0.06
"Middlesex County, Massachusetts",0.2,0.15,,0.69,0.02
"Dane County, Wisconsin",0.2,0.16,,0.93,0
"Barnstable County, Massachusetts",0.2,,,0.29,0
"Cass County, Indiana",0.2,0.32,,,
"Bonneville County, Idaho",0.2,0.19,,,
"Christian County, Missouri",0.2,,,,
"Warren County, Virginia",0.19,0.33,,1.51,0.7
"Providence County, Rhode Island",0.19,0.11,,1.39,0.09
"Lancaster County, Nebraska",0.19,0.13,,0.71,0
"Kosciusko County, Indiana",0.19,0.02,,,
"Preble County, Ohio",0.19,,,,
"Umatilla County, Oregon",0.19,,,,
"Adams County, Pennsylvania",0.18,0.18,,0.55,0.31
"Plymouth County, Massachusetts",0.18,0.12,,0.97,0.05
"Washoe County, Nevada",0.18,0.24,,0.59,0
"Pennington County, South Dakota",0.18,0.18,,0.55,0
"Sutter County, California",0.18,,,0.45,0
"Lake County, California",0.18,,,0.4,0
"Albemarle County, Virginia",0.18,,,5.17,0
"Fairfax County, Virginia",0.18,0.14,,2.83,0
"Ionia County, Michigan",0.18,,,1.55,0
"Eaton County, Michigan",0.18,,,1.28,0
"Brooke County, West Virginia",0.18,0.15,,,
"Calaveras County, California",0.18,,,,
"Lewis County, Washington",0.18,,,,
"Jim Wells County, Texas",0.18,0.47,,,
"Cumberland County, Pennsylvania",0.17,0.26,,0.76,0.43
"Spokane County, Washington",0.17,0.14,,0.38,0.01
"Genesee County, New York",0.17,0.3,,0.89,0
"Platte County, Missouri",0.17,0.21,,0.7,0
"Placer County, California",0.17,,,0.16,0
"Hays County, Texas",0.17,0.2,,1.37,0
"Lapeer County, Michigan",0.17,,,,
"Doa Ana County, New Mexico",0.16,0.17,,0.45,0.04
"Navajo County, Arizona",0.16,0.19,,0.23,0
"York County, Maine",0.16,0.06,,0.07,0
"Lawrence County, Illinois",0.16,0.11,,,
"Malheur County, Oregon",0.16,,,,
"Richmond County, New York",0.15,0.07,,1.86,0.23
"Pinal County, Arizona",0.15,0.1,,0.71,0.15
"Yuma County, Arizona",0.15,0.11,,0.65,0.09
"St. Francois County, Missouri",0.15,,,0.53,0
"Wood County, West Virginia",0.15,0.03,,0.34,0
"Salt Lake County, Utah",0.15,0.13,,0.23,0
"Minnehaha County, South Dakota",0.15,0.15,,0.21,0
"St. Louis County, Minnesota",0.15,0.09,,0.18,0
"Hawaii County, Hawaii",0.15,,,0.11,0
"Spotsylvania County, Virginia",0.15,,,4.19,0
"Collier County, Florida",0.15,0.35,,1.4,0
"Warren County, New York",0.15,0.17,,,
"Harrison County, Indiana",0.15,0.14,,,
"Hughes County, Oklahoma",0.15,,,,
"Jackson County, Oregon",0.15,,,,
"Worcester County, Massachusetts",0.14,0.06,,0.71,0.22
"Bucks County, Pennsylvania",0.14,0.06,,0.72,0.04
"Shasta County, California",0.14,0.07,,0.2,0.04
"Rockingham County, Virginia",0.14,,,0.97,0
"Marin County, California",0.14,0.31,,0.9,0
"Clay County, Missouri",0.14,0.06,,0.58,0
"Sussex County, New Jersey",0.14,0.12,,0.24,0
"Frederick County, Virginia",0.13,,,1.35,0.15
"Bristol County, Massachusetts",0.13,0.09,,0.45,0.07
"Delaware County, Ohio",0.13,0.08,,0.73,0
"Johnson County, Iowa",0.13,0.14,,0.65,0
"Centre County, Pennsylvania",0.13,0.11,,0.51,0
"Orange County, California",0.13,0.08,,0.47,0
"Comal County, Texas",0.13,0.17,,,
"Natrona County, Wyoming",0.13,0.16,,,
"Schoharie County, New York",0.13,,,,
"Hampshire County, Massachusetts",0.12,0.02,,0.59,0.21
"Licking County, Ohio",0.12,0.42,,0.59,0
"Allegan County, Michigan",0.12,0.21,,0.48,0
"Tolland County, Connecticut",0.12,,,0.48,0
"Bartholomew County, Indiana",0.12,0.24,,0.42,0
"Johnson County, Indiana",0.12,0.22,,0.32,0
"McKean County, Pennsylvania",0.12,,,0.21,0
"Cameron County, Texas",0.12,,,0.14,0
"Yellowstone County, Montana",0.12,0.08,,0.12,0
"Oconee County, Georgia",0.12,1.36,,3.14,0
"Broome County, New York",0.11,0.15,,0.65,0.24
"Jefferson County, New York",0.11,0.01,,1.05,0.06
"Johnson County, Kansas",0.11,0.12,,0.66,0
"Essex County, Massachusetts",0.11,0.05,,0.56,0
"Coconino County, Arizona",0.11,0.13,,0.34,0
"Catoosa County, Georgia",0.11,0.29,,,
"Androscoggin County, Maine",0.11,0.17,,,
"Noble County, Indiana",0.11,,,,
"Williams County, Ohio",0.11,,,,
"Monongalia County, West Virginia",0.1,0.08,,0.71,0
"Lebanon County, Pennsylvania",0.1,0.04,,0.15,0
"Schuylkill County, Pennsylvania",0.1,0.12,,0.1,0
"Loudoun County, Virginia",0.1,0.06,,2.77,0
"Douglas County, Colorado",0.1,,,,
"Habersham County, Georgia",0.09,,,1.77,0.54
"Northampton County, Pennsylvania",0.09,0.05,,0.61,0.12
"St. Charles County, Missouri",0.09,0.11,,0.82,0
"Randall County, Texas",0.09,,,0.52,0
"Litchfield County, Connecticut",0.09,0.08,,0.29,0
"Hancock County, Ohio",0.09,0.08,,0.25,0
"Kootenai County, Idaho",0.09,,,,
"Porter County, Indiana",0.09,,,,
"Hancock County, Maine",0.09,,,,
"Yolo County, California",0.08,,,0.6,0.47
"Livingston County, Michigan",0.08,0.07,,0.21,0
"Jefferson County, Colorado",0.08,,,0.2,0
"Santa Fe County, New Mexico",0.08,,,0.17,0
"Hidalgo County, Texas",0.08,,,0.1,0
"Chippewa County, Michigan",0.08,,,1.78,0
"Northumberland County, Pennsylvania",0.08,0.12,,,
"Nevada County, California",0.08,,,,
"Mesa County, Colorado",0.08,,,,
"Webster County, Missouri",0.08,,,,
"Merrimack County, New Hampshire",0.08,,,,
"Deschutes County, Oregon",0.08,,,,
"Clark County, Washington",0.07,0.09,,0.34,0.18
"Lane County, Oregon",0.07,0.08,,0.2,0.07
"Tippecanoe County, Indiana",0.07,0.07,,0.65,0
"Bedford County, Pennsylvania",0.06,0.05,,0.32,0.33
"Fremont County, Colorado",0.06,,,0.55,0
"Luzerne County, Pennsylvania",0.06,0.04,,0.28,0
"Benton County, Washington",0.06,,,0.27,0
"Gallatin County, Montana",0.06,0.13,,,
"Mohave County, Arizona",0.06,,,,
"Dakota County, Minnesota",0.05,0.08,,0.43,0
"Warren County, New Jersey",0.05,0.11,,0.34,0
"Brown County, Wisconsin",0.05,,,0.18,0
"Lackawanna County, Pennsylvania",0.05,0.27,,0.17,0
"Pottawattamie County, Iowa",0.05,,,,
"Rockingham County, New Hampshire",0.04,,,0.27,0.05
"Davis County, Utah",0.04,0.07,,0.39,0
"Canyon County, Idaho",0.04,,,,
"Sonoma County, California",0.03,0.02,,0.38,0.03
"Snohomish County, Washington",0.03,0.06,,0.28,0
"Forsyth County, Georgia",0.03,,,,
"Humboldt County, California",0.02,,,0.18,0
"Yavapai County, Arizona",0.02,,,,
"Saratoga County, New York",0.01,0.01,,0.39,0.15
"Weld County, Colorado",0.01,,,0.12,0
"Jeff Davis County, Texas",,,,,95.81
"Dare County, North Carolina",,,,1.03,48.85
"Archer County, Texas",,,,,7.29
"Banks County, Georgia",,,,,5.52
"Plaquemines Parish, Louisiana",,,,6.91,3.64
"Clay County, Kansas",,,,2.06,1.93
"Stephens County, Texas",,,,,1.83
"Franklin County, Arkansas",,,,,1.55
"Shackelford County, Texas",,,,,1.17
"Hardeman County, Texas",,,,,1.1
"Fulton County, New York",,0.28,,1.25,1.04
"Carroll County, Kentucky",,,,,0.66
"Smyth County, Virginia",,,,1.23,0.61
"Adair County, Kentucky",,,,0.53,0.54
"Floyd County, Texas",,2.99,,,0.51
"Susquehanna County, Pennsylvania",,,,0.45,0.48
"Bath County, Kentucky",,,,,0.46
"Chenango County, New York",,,,0.42,0.45
"Putnam County, New York",,,,0.61,0.44
"Childress County, Texas",,2.56,,,0.43
"Collingsworth County, Texas",,,,,0.39
"Ozaukee County, Wisconsin",,,,0.3,0.33
"Armstrong County, Pennsylvania",,,,0.15,0.31
"Boone County, Kentucky",,,,,0.31
"Reeves County, Texas",,,,,0.23
"Atoka County, Oklahoma",,0.86,,1.78,0.13
"Montgomery County, New York",,,,0.07,0.06
"Oldham County, Kentucky",,,,1.4,0.06
"Payne County, Oklahoma",,0.25,,0.86,0.05
"Grant County, Kentucky",,,,,0.05
"Amador County, California",,,,1.14,0
"Morgan County, Ohio",,,,1.12,0
"Breckinridge County, Kentucky",,,,1.08,0
"Wythe County, Virginia",,0.41,,1.03,0
"Clinton County, Illinois",,,,0.93,0
"Elmore County, Idaho",,,,0.84,0
"Wyoming County, New York",,0.84,,0.82,0
"Caddo County, Oklahoma",,,,0.8,0
"Athens County, Ohio",,,,0.74,0
"Mecosta County, Michigan",,,,0.73,0
"Warren County, Missouri",,,,0.72,0
"Clinton County, New York",,,,0.72,0
"San Patricio County, Texas",,0.79,,0.72,0
"Washington County, New York",,,,0.71,0
"Fayette County, Illinois",,,,0.69,0
"Tuolumne County, California",,,,0.68,0
"Ward County, North Dakota",,,,0.68,0
"Meade County, South Dakota",,,,0.67,0
"Carroll County, Maryland",,,,0.66,0
"Franklin County, New York",,,,0.62,0
"Belmont County, Ohio",,0.25,,0.61,0
"Iosco County, Michigan",,,,0.61,0
"Lincoln County, Missouri",,,,0.57,0
"Island County, Washington",,,,0.53,0
"Livingston County, New York",,,,0.5,0
"Hunterdon County, New Jersey",,,,0.49,0
"Essex County, New York",,,,0.47,0
"Norfolk County, Massachusetts",,,,0.46,0
"Montgomery County, Illinois",,,,0.45,0
"Graham County, Arizona",,,,0.44,0
"Wayne County, Ohio",,0.32,,0.43,0
"Fulton County, Illinois",,,,0.43,0
"Story County, Iowa",,,,0.41,0
"Dodge County, Wisconsin",,,,0.41,0
"Henry County, Illinois",,0.6,,0.4,0
"Campbell County, Kentucky",,,,0.39,0
"Washington County, Minnesota",,,,0.38,0
"Fairfield County, Ohio",,,,0.38,0
"Carson City, Nevada",,,,0.36,0
"Isabella County, Michigan",,,,0.33,0
"Huron County, Ohio",,,,0.3,0
"Napa County, California",,0.27,,0.28,0
"LaSalle County, Illinois",,,,0.27,0
"Seneca County, New York",,,,0.27,0
"Olmsted County, Minnesota",,0.04,,0.25,0
"St. Lawrence County, New York",,0.16,,0.24,0
"Medina County, Ohio",,0.14,,0.24,0
"Boulder County, Colorado",,,,0.23,0
"Washington County, Rhode Island",,,,0.23,0
"Hillsborough County, New Hampshire",,,,0.22,0
"Madison County, New York",,,,0.22,0
"Otsego County, New York",,,,0.22,0
"Aroostook County, Maine",,,,0.21,0
"Ottawa County, Michigan",,,,0.2,0
"Steuben County, New York",,,,0.2,0
"Anoka County, Minnesota",,,,0.19,0
"Benton County, Oregon",,,,0.18,0
"Washington County, Oregon",,,,0.18,0
"Winnebago County, Wisconsin",,,,0.16,0
"Kent County, Rhode Island",,,,0.15,0
"Chittenden County, Vermont",,,,0.15,0
"Mendocino County, California",,,,0.14,0
"Whatcom County, Washington",,,,0.14,0
"Ada County, Idaho",,0.06,,0.13,0
"El Dorado County, California",,,,0.13,0
"Strafford County, New Hampshire",,,,0.13,0
"Waukesha County, Wisconsin",,,,0.12,0
"Oswego County, New York",,,,0.11,0
"Clackamas County, Oregon",,,,0.11,0
"Butler County, Pennsylvania",,,,0.1,0
"Penobscot County, Maine",,,,0.09,0
"Richmond County, Virginia",,,,24.6,0
"Johnson County, Georgia",,6.6,0.07,20.52,0
"Cumberland County, Virginia",,,,16.55,0
"Charlotte County, Virginia",,,,15.33,0
"Westmoreland County, Virginia",,,,13.86,0
"Amelia County, Virginia",,,,13.76,0
"Hyde County, North Carolina",,,,13.69,0
"King William County, Virginia",,4.65,,13.16,0
"Lancaster County, Virginia",,,,12.32,0
"Northumberland County, Virginia",,,,12.01,0
"Catahoula Parish, Louisiana",,1.75,,10.68,0
"Fluvanna County, Virginia",,,,8.7,0
"Avoyelles Parish, Louisiana",,0.88,,7.86,0
"Powhatan County, Virginia",,,,7.85,0
"New Kent County, Virginia",,,,7.73,0
"Middlesex County, Virginia",,1.55,,7.07,0
"Appomattox County, Virginia",,,,6.78,0
"James City County, Virginia",,0.71,,6.41,0
"King George County, Virginia",,,,6.27,0
"Culpeper County, Virginia",,,,5.37,0
"Caldwell Parish, Louisiana",,,,5.03,0
"Heard County, Georgia",,,,5,0
"Aleutians West Census Area, Alaska",,,,4.39,0
"Madison County, Virginia",,,,4.27,0
"Mathews County, Virginia",,,,3.98,0
"Lafayette County, Florida",,2.01,,3.51,0
"Jackson County, Texas",,,,3.12,0
"Refugio County, Texas",,,,2.67,0
"Clarke County, Virginia",,,,2.55,0
"Greene County, Virginia",,,,2.51,0
"Dixie County, Florida",,,,2.21,0
"Brown County, Illinois",,,,2.19,0
"Gilchrist County, Florida",,1.76,,2.15,0
"Hart County, Kentucky",,,,2.14,0
"DeKalb County, Missouri",,,,1.88,0
"Kiowa County, Oklahoma",,,,1.65,0
"Cameron Parish, Louisiana",,,,1.58,0
"Lassen County, California",,,,1.34,0
"Livingston County, Illinois",,,,1.33,0
"Henry County, Kentucky",,5.46,,1.25,0
"Perry County, Pennsylvania",,,,1.92,
"Clallam County, Washington",,,,0.63,
"Salem city, Virginia",,0.28,,,
"Hancock County, Indiana",,0.27,,,
"Twin Falls County, Idaho",,0.23,,,
"Clearfield County, Pennsylvania",,0.14,,,
"Walworth County, Wisconsin",,0.12,,,
"Cherokee County, Kansas",,0.12,,,
"Ashland County, Ohio",,0.11,,,
"Webb County, Texas",,0.08,,,
"Washington County, Vermont",,0.06,,,
"Utah County, Utah",,0.04,,,
"Otero County, Colorado",,0.02,,,
"Flathead County, Montana",,0.02,,,
"Dimmit County, Texas",,,,,
"Colonial Heights city, Virginia",,,,,
"Venango County, Pennsylvania",,,,,
"Dubuque County, Iowa",,,,,
"Sutton County, Texas",,,,,
"Garrard County, Kentucky",,,0.55,,
"Lewis County, Tennessee",,,0.12,,
"Lexington city, Virginia",,4.63,,,
"Rice County, Kansas",,2.43,,,
"Swisher County, Texas",,2.41,,,
"Searcy County, Arkansas",,2.17,,,
"Valdez-Cordova Census Area, Alaska",,1.91,,,
"Montgomery County, Arkansas",,1.88,,,
"Ritchie County, West Virginia",,1.7,,,
"Morgan County, Tennessee",,1.62,,,
"Martin County, Kentucky",,1.38,,,
"Monroe County, Missouri",,1.38,,,
"Carroll County, Missouri",,1.3,,,
"Butler County, Iowa",,1.23,,,
"Roane County, West Virginia",,1.21,,,
"Baxter County, Arkansas",,1.2,,,
"Marshall County, Oklahoma",,1.16,,,
"Giles County, Virginia",,1.04,,,
"Inyo County, California",,0.96,,,
"Bledsoe County, Tennessee",,0.92,,,
"Jefferson County, Oregon",,0.86,,,
"Asotin County, Washington",,0.83,,,
"Henry County, Missouri",,0.82,,,
"Bates County, Missouri",,0.73,,,
"Edgar County, Illinois",,0.65,,,
"Finney County, Kansas",,0.55,,,
"Washington County, Utah",,0.48,,,
"Howell County, Missouri",,0.46,,,
"Okanogan County, Washington",,0.45,,,